evidence_role	evidence_root_name	relative_path	sha256	byte_size
T1_ESTIMATION_R01_ACQUISITION	t1-r01-prewarmed-recovery-RUN-20260822T142755Z-009-v1	RUN-ACQUISITION.env	4d9854d84f11008cb1881ed6abf9496104b780722661cf7b970281969c929394	607
T1_ESTIMATION_R01_ACQUISITION	t1-r01-prewarmed-recovery-RUN-20260822T142755Z-009-v1	SHA256SUMS	e1bc7ab266e61f309aaf7ab9fceccb649aa978ea0f58d6a040535b8aa2e843d5	14973
T1_ESTIMATION_R01_ACQUISITION	t1-r01-prewarmed-recovery-RUN-20260822T142755Z-009-v1	control/NEVER-REPEAT-CONSUMED.env	fd50bbbe1185f6b07abf45224966999e734adc2ec9bdf60d519501645a12e7b7	203
T1_ESTIMATION_R01_ACQUISITION	t1-r01-prewarmed-recovery-RUN-20260822T142755Z-009-v1	control/T0.env	4e67fa894ab13422c46cc32bac894e251879563708c819bdb7f95a11dc4e560b	239
T1_ESTIMATION_R01_ACQUISITION	t1-r01-prewarmed-recovery-RUN-20260822T142755Z-009-v1	control/actuator-wait.txt	9a271f2a916b0b6ee6cecb2426f0b3206ef074578be55d9bc94f6f3fe3ab86aa	2
T1_ESTIMATION_R01_ACQUISITION	t1-r01-prewarmed-recovery-RUN-20260822T142755Z-009-v1	control/atomic.json	cc93e136a444fe7b72d9750b7e99920399f1a8c77e99e3629fdb6276248e8998	1057
T1_ESTIMATION_R01_ACQUISITION	t1-r01-prewarmed-recovery-RUN-20260822T142755Z-009-v1	control/precontrol.json	c0b726f477a173c65193a76dda7fe78d152bf717f3b36a766bad1fc9fd308ac4	2556
T1_ESTIMATION_R01_ACQUISITION	t1-r01-prewarmed-recovery-RUN-20260822T142755Z-009-v1	control/selected.jsonl	fcfda830cee8c5ace074378070d2eb68afbb4d9b012a23db33fdc40eecbe181a	20390
T1_ESTIMATION_R01_ACQUISITION	t1-r01-prewarmed-recovery-RUN-20260822T142755Z-009-v1	control/stationarity.json	148effa380ee0daf50ef00f5e8c3a816c380b04f7d3c30a0a3dda4a3ba30d7dc	1241
T1_ESTIMATION_R01_ACQUISITION	t1-r01-prewarmed-recovery-RUN-20260822T142755Z-009-v1	control/xapp.stderr.log	e3b0c44298fc1c149afbf4c8996fb92427ae41e4649b934ca495991b7852b855	0
T1_ESTIMATION_R01_ACQUISITION	t1-r01-prewarmed-recovery-RUN-20260822T142755Z-009-v1	control/xapp.stdout.log	4e7f68ea7bfeb48bba0832c160a94a3f7f5a8e0b6aa6b931c2d94a4eabf013ca	2477
T1_ESTIMATION_R01_ACQUISITION	t1-r01-prewarmed-recovery-RUN-20260822T142755Z-009-v1	core-after.txt	a54f9ff77a86d3efa7ab8fe47c1e75a3d11fae7cd934d2a69a7420bb36de60e9	690
T1_ESTIMATION_R01_ACQUISITION	t1-r01-prewarmed-recovery-RUN-20260822T142755Z-009-v1	core-before.txt	a54f9ff77a86d3efa7ab8fe47c1e75a3d11fae7cd934d2a69a7420bb36de60e9	690
T1_ESTIMATION_R01_ACQUISITION	t1-r01-prewarmed-recovery-RUN-20260822T142755Z-009-v1	gnb-after-control.log	c0f78a3248484c30267306be5a51fdad20d5474ab7ce99d3d090f32ef191364e	557428736
T1_ESTIMATION_R01_ACQUISITION	t1-r01-prewarmed-recovery-RUN-20260822T142755Z-009-v1	gnb-before.log	d56dfdee28688491763dd85c13535df1b7a1c2ea960e1f6d0bfa5b58b9040346	525434880
T1_ESTIMATION_R01_ACQUISITION	t1-r01-prewarmed-recovery-RUN-20260822T142755Z-009-v1	logs/am-failure-evidence.txt	03b0fe4f58c9454e8b9fe026ba6580b0a8a915a4125f076b13e07dc62fc307d3	388
T1_ESTIMATION_R01_ACQUISITION	t1-r01-prewarmed-recovery-RUN-20260822T142755Z-009-v1	logs/receiver-capture.stderr.log	e3b0c44298fc1c149afbf4c8996fb92427ae41e4649b934ca495991b7852b855	0
T1_ESTIMATION_R01_ACQUISITION	t1-r01-prewarmed-recovery-RUN-20260822T142755Z-009-v1	logs/receiver-capture.stdout.log	e3b0c44298fc1c149afbf4c8996fb92427ae41e4649b934ca495991b7852b855	0
T1_ESTIMATION_R01_ACQUISITION	t1-r01-prewarmed-recovery-RUN-20260822T142755Z-009-v1	logs/receiver-create.txt	51578f698b6e064a0f731a7d288b294eb34b832fb0e23d7cc44048509b5fc503	65
T1_ESTIMATION_R01_ACQUISITION	t1-r01-prewarmed-recovery-RUN-20260822T142755Z-009-v1	precontrol/attempt-01/atomic.json	cc93e136a444fe7b72d9750b7e99920399f1a8c77e99e3629fdb6276248e8998	1057
T1_ESTIMATION_R01_ACQUISITION	t1-r01-prewarmed-recovery-RUN-20260822T142755Z-009-v1	precontrol/attempt-01/atomic.stderr.log	e3b0c44298fc1c149afbf4c8996fb92427ae41e4649b934ca495991b7852b855	0
T1_ESTIMATION_R01_ACQUISITION	t1-r01-prewarmed-recovery-RUN-20260822T142755Z-009-v1	precontrol/attempt-01/atomic.stdout.log	bb512348a48dcefb7daf40bee207781c9945efe92eca72c211c5cbccc125f80c	1115
T1_ESTIMATION_R01_ACQUISITION	t1-r01-prewarmed-recovery-RUN-20260822T142755Z-009-v1	precontrol/attempt-01/pipeline.stderr.log	e3b0c44298fc1c149afbf4c8996fb92427ae41e4649b934ca495991b7852b855	0
T1_ESTIMATION_R01_ACQUISITION	t1-r01-prewarmed-recovery-RUN-20260822T142755Z-009-v1	precontrol/attempt-01/pipeline.stdout.log	7ac30460c4e767a86abad9d545b9ae90c99adce9f56e6f0e6674968d283ceead	963
T1_ESTIMATION_R01_ACQUISITION	t1-r01-prewarmed-recovery-RUN-20260822T142755Z-009-v1	precontrol/attempt-01/precontrol.json	c0b726f477a173c65193a76dda7fe78d152bf717f3b36a766bad1fc9fd308ac4	2556
T1_ESTIMATION_R01_ACQUISITION	t1-r01-prewarmed-recovery-RUN-20260822T142755Z-009-v1	precontrol/attempt-01/processed/iperf3-receiver.intervals.canonical.jsonl	fcfda830cee8c5ace074378070d2eb68afbb4d9b012a23db33fdc40eecbe181a	20390
T1_ESTIMATION_R01_ACQUISITION	t1-r01-prewarmed-recovery-RUN-20260822T142755Z-009-v1	precontrol/attempt-01/processed/iperf3-receiver.intervals.staging.jsonl	8749374a0c59bc2f75b1bb36ce4662efd408ccf08ce6ddedca810d3598b64a88	33966
T1_ESTIMATION_R01_ACQUISITION	t1-r01-prewarmed-recovery-RUN-20260822T142755Z-009-v1	precontrol/attempt-01/raw/iperf3-receiver.stderr.log	e3b0c44298fc1c149afbf4c8996fb92427ae41e4649b934ca495991b7852b855	0
T1_ESTIMATION_R01_ACQUISITION	t1-r01-prewarmed-recovery-RUN-20260822T142755Z-009-v1	precontrol/attempt-01/raw/iperf3-receiver.stdout.log	4b2da587d6d1149861e3c1037e58645141184f468c251490571b4e3fddde8ed3	3891
T1_ESTIMATION_R01_ACQUISITION	t1-r01-prewarmed-recovery-RUN-20260822T142755Z-009-v1	precontrol/attempt-01/raw/iperf3-receiver.timestamps.jsonl	25a8354d97f4f9daee3b5f270283dd0fc6e4cc1ab1027f600ffbd6b06f067f09	18941
T1_ESTIMATION_R01_ACQUISITION	t1-r01-prewarmed-recovery-RUN-20260822T142755Z-009-v1	precontrol/attempt-01/selected.jsonl	fcfda830cee8c5ace074378070d2eb68afbb4d9b012a23db33fdc40eecbe181a	20390
T1_ESTIMATION_R01_ACQUISITION	t1-r01-prewarmed-recovery-RUN-20260822T142755Z-009-v1	precontrol/attempt-01/stationarity.json	148effa380ee0daf50ef00f5e8c3a816c380b04f7d3c30a0a3dda4a3ba30d7dc	1241
T1_ESTIMATION_R01_ACQUISITION	t1-r01-prewarmed-recovery-RUN-20260822T142755Z-009-v1	precontrol/attempt-01/tail-meta.env	ea84d1e6ddf2e6cda9968ea63080854eb690ea917ca99f71ed1db330b7b1c1de	186
T1_ESTIMATION_R01_ACQUISITION	t1-r01-prewarmed-recovery-RUN-20260822T142755Z-009-v1	precontrol/attempt-01/tail.stderr.log	e3b0c44298fc1c149afbf4c8996fb92427ae41e4649b934ca495991b7852b855	0
T1_ESTIMATION_R01_ACQUISITION	t1-r01-prewarmed-recovery-RUN-20260822T142755Z-009-v1	precontrol/attempt-01/tail.stdout.log	ea84d1e6ddf2e6cda9968ea63080854eb690ea917ca99f71ed1db330b7b1c1de	186
T1_ESTIMATION_R01_ACQUISITION	t1-r01-prewarmed-recovery-RUN-20260822T142755Z-009-v1	prewarm/rep-1/pipeline.stderr.log	e3b0c44298fc1c149afbf4c8996fb92427ae41e4649b934ca495991b7852b855	0
T1_ESTIMATION_R01_ACQUISITION	t1-r01-prewarmed-recovery-RUN-20260822T142755Z-009-v1	prewarm/rep-1/pipeline.stdout.log	098d783a880c533d0b290ca142975bd1a311ec2c9e10a154c281e214077257f9	947
T1_ESTIMATION_R01_ACQUISITION	t1-r01-prewarmed-recovery-RUN-20260822T142755Z-009-v1	prewarm/rep-1/precontrol.json	e000bcb8d9238ee591b34c05d7c50d6f540e9277e70487bbe41654d4c984126b	2550
T1_ESTIMATION_R01_ACQUISITION	t1-r01-prewarmed-recovery-RUN-20260822T142755Z-009-v1	prewarm/rep-1/precontrol.stderr.log	e3b0c44298fc1c149afbf4c8996fb92427ae41e4649b934ca495991b7852b855	0
T1_ESTIMATION_R01_ACQUISITION	t1-r01-prewarmed-recovery-RUN-20260822T142755Z-009-v1	prewarm/rep-1/precontrol.stdout.log	27807256f58855192bf59ec1c2f5a3c8e144ebbea648984cdd02f967748a7e98	813
T1_ESTIMATION_R01_ACQUISITION	t1-r01-prewarmed-recovery-RUN-20260822T142755Z-009-v1	prewarm/rep-1/processed/iperf3-receiver.intervals.canonical.jsonl	11c28f7bc41a6703f503d2a6545ad497b3d2c50c208274ce06b58b1b84740348	24465
T1_ESTIMATION_R01_ACQUISITION	t1-r01-prewarmed-recovery-RUN-20260822T142755Z-009-v1	prewarm/rep-1/processed/iperf3-receiver.intervals.staging.jsonl	af9aadbc760d4c51250908f1291d07762c2559ab5e01033c65ac07dbdde2467a	40753
T1_ESTIMATION_R01_ACQUISITION	t1-r01-prewarmed-recovery-RUN-20260822T142755Z-009-v1	prewarm/rep-1/raw/iperf3-receiver.stderr.log	e3b0c44298fc1c149afbf4c8996fb92427ae41e4649b934ca495991b7852b855	0
T1_ESTIMATION_R01_ACQUISITION	t1-r01-prewarmed-recovery-RUN-20260822T142755Z-009-v1	prewarm/rep-1/raw/iperf3-receiver.stdout.log	1f0be10e440d46e48180ced118a844f58600730cddc567d926b164964f847468	4662
T1_ESTIMATION_R01_ACQUISITION	t1-r01-prewarmed-recovery-RUN-20260822T142755Z-009-v1	prewarm/rep-1/raw/iperf3-receiver.timestamps.jsonl	6789b1fe8881a82175845795e92cf4bfab1053639053ec7d18cd52800a100d04	22722
T1_ESTIMATION_R01_ACQUISITION	t1-r01-prewarmed-recovery-RUN-20260822T142755Z-009-v1	prewarm/rep-1/selected.jsonl	943cf3f21384995cdc07e1174a9aa0857c3ef2d6613aab5af89ca3aba7d3f0db	20396
T1_ESTIMATION_R01_ACQUISITION	t1-r01-prewarmed-recovery-RUN-20260822T142755Z-009-v1	prewarm/rep-1/stationarity.json	c1cb62ce1f8ce3414957b54fef513f8d57465ab1a016f1ab54c016bf4b56efc2	1242
T1_ESTIMATION_R01_ACQUISITION	t1-r01-prewarmed-recovery-RUN-20260822T142755Z-009-v1	prewarm/rep-2/pipeline.stderr.log	e3b0c44298fc1c149afbf4c8996fb92427ae41e4649b934ca495991b7852b855	0
T1_ESTIMATION_R01_ACQUISITION	t1-r01-prewarmed-recovery-RUN-20260822T142755Z-009-v1	prewarm/rep-2/pipeline.stdout.log	e070023b2126e1f7f2273cbd9b01ec809945b070a5e388c88b95229f2d09beed	947
T1_ESTIMATION_R01_ACQUISITION	t1-r01-prewarmed-recovery-RUN-20260822T142755Z-009-v1	prewarm/rep-2/precontrol.json	e000bcb8d9238ee591b34c05d7c50d6f540e9277e70487bbe41654d4c984126b	2550
T1_ESTIMATION_R01_ACQUISITION	t1-r01-prewarmed-recovery-RUN-20260822T142755Z-009-v1	prewarm/rep-2/precontrol.stderr.log	e3b0c44298fc1c149afbf4c8996fb92427ae41e4649b934ca495991b7852b855	0
T1_ESTIMATION_R01_ACQUISITION	t1-r01-prewarmed-recovery-RUN-20260822T142755Z-009-v1	prewarm/rep-2/precontrol.stdout.log	27807256f58855192bf59ec1c2f5a3c8e144ebbea648984cdd02f967748a7e98	813
T1_ESTIMATION_R01_ACQUISITION	t1-r01-prewarmed-recovery-RUN-20260822T142755Z-009-v1	prewarm/rep-2/processed/iperf3-receiver.intervals.canonical.jsonl	11c28f7bc41a6703f503d2a6545ad497b3d2c50c208274ce06b58b1b84740348	24465
T1_ESTIMATION_R01_ACQUISITION	t1-r01-prewarmed-recovery-RUN-20260822T142755Z-009-v1	prewarm/rep-2/processed/iperf3-receiver.intervals.staging.jsonl	af9aadbc760d4c51250908f1291d07762c2559ab5e01033c65ac07dbdde2467a	40753
T1_ESTIMATION_R01_ACQUISITION	t1-r01-prewarmed-recovery-RUN-20260822T142755Z-009-v1	prewarm/rep-2/raw/iperf3-receiver.stderr.log	e3b0c44298fc1c149afbf4c8996fb92427ae41e4649b934ca495991b7852b855	0
T1_ESTIMATION_R01_ACQUISITION	t1-r01-prewarmed-recovery-RUN-20260822T142755Z-009-v1	prewarm/rep-2/raw/iperf3-receiver.stdout.log	1f0be10e440d46e48180ced118a844f58600730cddc567d926b164964f847468	4662
T1_ESTIMATION_R01_ACQUISITION	t1-r01-prewarmed-recovery-RUN-20260822T142755Z-009-v1	prewarm/rep-2/raw/iperf3-receiver.timestamps.jsonl	6789b1fe8881a82175845795e92cf4bfab1053639053ec7d18cd52800a100d04	22722
T1_ESTIMATION_R01_ACQUISITION	t1-r01-prewarmed-recovery-RUN-20260822T142755Z-009-v1	prewarm/rep-2/selected.jsonl	943cf3f21384995cdc07e1174a9aa0857c3ef2d6613aab5af89ca3aba7d3f0db	20396
T1_ESTIMATION_R01_ACQUISITION	t1-r01-prewarmed-recovery-RUN-20260822T142755Z-009-v1	prewarm/rep-2/stationarity.json	c1cb62ce1f8ce3414957b54fef513f8d57465ab1a016f1ab54c016bf4b56efc2	1242
T1_ESTIMATION_R01_ACQUISITION	t1-r01-prewarmed-recovery-RUN-20260822T142755Z-009-v1	prewarm/rep-3/pipeline.stderr.log	e3b0c44298fc1c149afbf4c8996fb92427ae41e4649b934ca495991b7852b855	0
T1_ESTIMATION_R01_ACQUISITION	t1-r01-prewarmed-recovery-RUN-20260822T142755Z-009-v1	prewarm/rep-3/pipeline.stdout.log	184d921faeb88d9c2ffc12e90d487b1fdfddaf2437d9865a5a06c96603246c1b	947
T1_ESTIMATION_R01_ACQUISITION	t1-r01-prewarmed-recovery-RUN-20260822T142755Z-009-v1	prewarm/rep-3/precontrol.json	e000bcb8d9238ee591b34c05d7c50d6f540e9277e70487bbe41654d4c984126b	2550
T1_ESTIMATION_R01_ACQUISITION	t1-r01-prewarmed-recovery-RUN-20260822T142755Z-009-v1	prewarm/rep-3/precontrol.stderr.log	e3b0c44298fc1c149afbf4c8996fb92427ae41e4649b934ca495991b7852b855	0
T1_ESTIMATION_R01_ACQUISITION	t1-r01-prewarmed-recovery-RUN-20260822T142755Z-009-v1	prewarm/rep-3/precontrol.stdout.log	27807256f58855192bf59ec1c2f5a3c8e144ebbea648984cdd02f967748a7e98	813
T1_ESTIMATION_R01_ACQUISITION	t1-r01-prewarmed-recovery-RUN-20260822T142755Z-009-v1	prewarm/rep-3/processed/iperf3-receiver.intervals.canonical.jsonl	11c28f7bc41a6703f503d2a6545ad497b3d2c50c208274ce06b58b1b84740348	24465
T1_ESTIMATION_R01_ACQUISITION	t1-r01-prewarmed-recovery-RUN-20260822T142755Z-009-v1	prewarm/rep-3/processed/iperf3-receiver.intervals.staging.jsonl	af9aadbc760d4c51250908f1291d07762c2559ab5e01033c65ac07dbdde2467a	40753
T1_ESTIMATION_R01_ACQUISITION	t1-r01-prewarmed-recovery-RUN-20260822T142755Z-009-v1	prewarm/rep-3/raw/iperf3-receiver.stderr.log	e3b0c44298fc1c149afbf4c8996fb92427ae41e4649b934ca495991b7852b855	0
T1_ESTIMATION_R01_ACQUISITION	t1-r01-prewarmed-recovery-RUN-20260822T142755Z-009-v1	prewarm/rep-3/raw/iperf3-receiver.stdout.log	1f0be10e440d46e48180ced118a844f58600730cddc567d926b164964f847468	4662
T1_ESTIMATION_R01_ACQUISITION	t1-r01-prewarmed-recovery-RUN-20260822T142755Z-009-v1	prewarm/rep-3/raw/iperf3-receiver.timestamps.jsonl	6789b1fe8881a82175845795e92cf4bfab1053639053ec7d18cd52800a100d04	22722
T1_ESTIMATION_R01_ACQUISITION	t1-r01-prewarmed-recovery-RUN-20260822T142755Z-009-v1	prewarm/rep-3/selected.jsonl	943cf3f21384995cdc07e1174a9aa0857c3ef2d6613aab5af89ca3aba7d3f0db	20396
T1_ESTIMATION_R01_ACQUISITION	t1-r01-prewarmed-recovery-RUN-20260822T142755Z-009-v1	prewarm/rep-3/stationarity.json	c1cb62ce1f8ce3414957b54fef513f8d57465ab1a016f1ab54c016bf4b56efc2	1242
T1_ESTIMATION_R01_ACQUISITION	t1-r01-prewarmed-recovery-RUN-20260822T142755Z-009-v1	raw/iperf3-client.stderr.log	e3b0c44298fc1c149afbf4c8996fb92427ae41e4649b934ca495991b7852b855	0
T1_ESTIMATION_R01_ACQUISITION	t1-r01-prewarmed-recovery-RUN-20260822T142755Z-009-v1	raw/iperf3-client.stdout.log	dceb0916a09b913efe52176735f27ee70957f86d07eae9e791eb9af829ae1f21	18501
T1_ESTIMATION_R01_ACQUISITION	t1-r01-prewarmed-recovery-RUN-20260822T142755Z-009-v1	raw/iperf3-receiver.stderr.log	e3b0c44298fc1c149afbf4c8996fb92427ae41e4649b934ca495991b7852b855	0
T1_ESTIMATION_R01_ACQUISITION	t1-r01-prewarmed-recovery-RUN-20260822T142755Z-009-v1	raw/iperf3-receiver.stdout.log	ee630372cde54e63c52f5b57051bacbe6fb3d26ec103dd953b111e02d489d53b	26406
T1_ESTIMATION_R01_ACQUISITION	t1-r01-prewarmed-recovery-RUN-20260822T142755Z-009-v1	raw/iperf3-receiver.timestamps.jsonl	f572b5e6521be786a62eba95156569f62336101694969ad8cbca16fb98ecf700	127540
T1_ESTIMATION_R02_ACQUISITION	t1-r02-prewarmed-RUN-20260822T143648Z-010-v1	RUN-ACQUISITION.env	bcbef3be72dc4afaa6b8ee8056af6ae311cb8cece9876984bb173c0f9b626f9e	624
T1_ESTIMATION_R02_ACQUISITION	t1-r02-prewarmed-RUN-20260822T143648Z-010-v1	SHA256SUMS	663fb72d5bae9f7b022a6d868ef4e4317e31ab3a9b38a4c69621dde5071fba9c	49678
T1_ESTIMATION_R02_ACQUISITION	t1-r02-prewarmed-RUN-20260822T143648Z-010-v1	action12.6ap-verification.txt	d2bcee357aab39454c7a5ad8c6283aea196e073515a8214270c96ed5813c4d6e	1290
T1_ESTIMATION_R02_ACQUISITION	t1-r02-prewarmed-RUN-20260822T143648Z-010-v1	control/NEVER-REPEAT-CONSUMED.env	e4e62c8b252c1d2d1676cbbd216e0d6f2df7f5039606e3cfbe85f954f329d49e	275
T1_ESTIMATION_R02_ACQUISITION	t1-r02-prewarmed-RUN-20260822T143648Z-010-v1	control/T0.env	ab887faa373713c8bc2cecc5cb010f9c511a586005b8dd6688b456b2333b9bef	237
T1_ESTIMATION_R02_ACQUISITION	t1-r02-prewarmed-RUN-20260822T143648Z-010-v1	control/actuator-create.txt	a8478822181ba162843c07fd61886baefcefb0ae9d2999c8f2f6f853c2d3afbd	65
T1_ESTIMATION_R02_ACQUISITION	t1-r02-prewarmed-RUN-20260822T143648Z-010-v1	control/actuator-wait.txt	9a271f2a916b0b6ee6cecb2426f0b3206ef074578be55d9bc94f6f3fe3ab86aa	2
T1_ESTIMATION_R02_ACQUISITION	t1-r02-prewarmed-RUN-20260822T143648Z-010-v1	control/atomic.json	11afe6f9c1325c9e2f421137a0aa2f43862c996e81a6dd2314c6ec42fb1227c2	1044
T1_ESTIMATION_R02_ACQUISITION	t1-r02-prewarmed-RUN-20260822T143648Z-010-v1	control/precontrol.json	8fe500e838166c25e28291a884c5e6f4d1aad18503c0c7ddc32af574495ff93c	2562
T1_ESTIMATION_R02_ACQUISITION	t1-r02-prewarmed-RUN-20260822T143648Z-010-v1	control/selected.jsonl	22493155e0ceab3418fdda61efd70e2336751866cb62030564acd1a38c840b38	20492
T1_ESTIMATION_R02_ACQUISITION	t1-r02-prewarmed-RUN-20260822T143648Z-010-v1	control/stationarity.json	b7e6e1ecd723944219d70ea1d491189e650f26207e0294afb086ea8feea919d8	1244
T1_ESTIMATION_R02_ACQUISITION	t1-r02-prewarmed-RUN-20260822T143648Z-010-v1	control/xapp.stderr.log	e3b0c44298fc1c149afbf4c8996fb92427ae41e4649b934ca495991b7852b855	0
T1_ESTIMATION_R02_ACQUISITION	t1-r02-prewarmed-RUN-20260822T143648Z-010-v1	control/xapp.stdout.log	841efed15d92383d23bc6ea7dbb36ece3c8d9c83990bd598216661917c8e53d5	2476
T1_ESTIMATION_R02_ACQUISITION	t1-r02-prewarmed-RUN-20260822T143648Z-010-v1	core-after.txt	a54f9ff77a86d3efa7ab8fe47c1e75a3d11fae7cd934d2a69a7420bb36de60e9	690
T1_ESTIMATION_R02_ACQUISITION	t1-r02-prewarmed-RUN-20260822T143648Z-010-v1	core-before.txt	a54f9ff77a86d3efa7ab8fe47c1e75a3d11fae7cd934d2a69a7420bb36de60e9	690
T1_ESTIMATION_R02_ACQUISITION	t1-r02-prewarmed-RUN-20260822T143648Z-010-v1	gnb-after-control.log	fbe5b528c1823c068b0f5b02479055134e25000c15aaa33f0b9756ec4be8c867	654422016
T1_ESTIMATION_R02_ACQUISITION	t1-r02-prewarmed-RUN-20260822T143648Z-010-v1	gnb-after-create.log	c6ab03bc270c67806c6911eb26c3df325b162b7d396505fa2e5d57e229d39013	608460800
T1_ESTIMATION_R02_ACQUISITION	t1-r02-prewarmed-RUN-20260822T143648Z-010-v1	gnb-before.log	26d1a94e09a15be48d0b6d761d0d460d1228cc1c1eff3df2405a14bcf9e1d37e	608342016
T1_ESTIMATION_R02_ACQUISITION	t1-r02-prewarmed-RUN-20260822T143648Z-010-v1	logs/receiver-capture.stderr.log	e3b0c44298fc1c149afbf4c8996fb92427ae41e4649b934ca495991b7852b855	0
T1_ESTIMATION_R02_ACQUISITION	t1-r02-prewarmed-RUN-20260822T143648Z-010-v1	logs/receiver-capture.stdout.log	e3b0c44298fc1c149afbf4c8996fb92427ae41e4649b934ca495991b7852b855	0
T1_ESTIMATION_R02_ACQUISITION	t1-r02-prewarmed-RUN-20260822T143648Z-010-v1	logs/receiver-create.txt	4148f5c617648b613a86c19cbc694635b7412cfca06d0c2bc89c9aab2cf0c86f	65
T1_ESTIMATION_R02_ACQUISITION	t1-r02-prewarmed-RUN-20260822T143648Z-010-v1	precontrol/attempt-01/atomic.json	a27b0ec5b4385427db4731da1771ed78fb5cc924c37a945a9fbbfdb8d8d4e0f6	835
T1_ESTIMATION_R02_ACQUISITION	t1-r02-prewarmed-RUN-20260822T143648Z-010-v1	precontrol/attempt-01/atomic.stderr.log	e3b0c44298fc1c149afbf4c8996fb92427ae41e4649b934ca495991b7852b855	0
T1_ESTIMATION_R02_ACQUISITION	t1-r02-prewarmed-RUN-20260822T143648Z-010-v1	precontrol/attempt-01/atomic.stdout.log	a9425c76c8b127ab1c5a108001a0513073f716abdc28942bbc12ad85b34dc0a4	994
T1_ESTIMATION_R02_ACQUISITION	t1-r02-prewarmed-RUN-20260822T143648Z-010-v1	precontrol/attempt-01/pipeline.stderr.log	e3b0c44298fc1c149afbf4c8996fb92427ae41e4649b934ca495991b7852b855	0
T1_ESTIMATION_R02_ACQUISITION	t1-r02-prewarmed-RUN-20260822T143648Z-010-v1	precontrol/attempt-01/pipeline.stdout.log	de0bb9734b2210a3742a02405b4fe9412393e5e761052119ee28d5d9c177babe	945
T1_ESTIMATION_R02_ACQUISITION	t1-r02-prewarmed-RUN-20260822T143648Z-010-v1	precontrol/attempt-01/precontrol.json	4e65316cc699f458e54bda16b8a45c45b6b17694d7dfcbfd0155d78f40922596	2556
T1_ESTIMATION_R02_ACQUISITION	t1-r02-prewarmed-RUN-20260822T143648Z-010-v1	precontrol/attempt-01/processed/iperf3-receiver.intervals.canonical.jsonl	fa5e45c80ab862655fc5bf6d36af09b70c50ff86b11549cb60a9f2cd77d78815	20389
T1_ESTIMATION_R02_ACQUISITION	t1-r02-prewarmed-RUN-20260822T143648Z-010-v1	precontrol/attempt-01/processed/iperf3-receiver.intervals.staging.jsonl	f474adec0deb9aaaeb427cd5aec9971c739ab4725f26b5f0e07165d90a495eae	33963
T1_ESTIMATION_R02_ACQUISITION	t1-r02-prewarmed-RUN-20260822T143648Z-010-v1	precontrol/attempt-01/raw/iperf3-receiver.stderr.log	e3b0c44298fc1c149afbf4c8996fb92427ae41e4649b934ca495991b7852b855	0
T1_ESTIMATION_R02_ACQUISITION	t1-r02-prewarmed-RUN-20260822T143648Z-010-v1	precontrol/attempt-01/raw/iperf3-receiver.stdout.log	cc970122860b1b2232b7dc35b732f4be4fcc0d5d03d9717ee7c81a1ca2728d4e	3888
T1_ESTIMATION_R02_ACQUISITION	t1-r02-prewarmed-RUN-20260822T143648Z-010-v1	precontrol/attempt-01/raw/iperf3-receiver.timestamps.jsonl	85cc97808e75dd905e9f648ea5d505e7f4dfb79cf499b3dc74f88d6f81df4998	18938
T1_ESTIMATION_R02_ACQUISITION	t1-r02-prewarmed-RUN-20260822T143648Z-010-v1	precontrol/attempt-01/selected.jsonl	fa5e45c80ab862655fc5bf6d36af09b70c50ff86b11549cb60a9f2cd77d78815	20389
T1_ESTIMATION_R02_ACQUISITION	t1-r02-prewarmed-RUN-20260822T143648Z-010-v1	precontrol/attempt-01/stationarity.json	eb762a4c630acdbb4a59773298ea675dd616350e6536bb7914795a003c144e66	1241
T1_ESTIMATION_R02_ACQUISITION	t1-r02-prewarmed-RUN-20260822T143648Z-010-v1	precontrol/attempt-01/tail-meta.env	2562adee7ebbe23e88421c87971eca5732bebbff0bf145fd33505081414c325f	186
T1_ESTIMATION_R02_ACQUISITION	t1-r02-prewarmed-RUN-20260822T143648Z-010-v1	precontrol/attempt-01/tail.stderr.log	e3b0c44298fc1c149afbf4c8996fb92427ae41e4649b934ca495991b7852b855	0
T1_ESTIMATION_R02_ACQUISITION	t1-r02-prewarmed-RUN-20260822T143648Z-010-v1	precontrol/attempt-01/tail.stdout.log	2562adee7ebbe23e88421c87971eca5732bebbff0bf145fd33505081414c325f	186
T1_ESTIMATION_R02_ACQUISITION	t1-r02-prewarmed-RUN-20260822T143648Z-010-v1	precontrol/attempt-02/atomic.json	3d3924c8a90e76fb7dbfb2248e4df3d7298387de9fabda2aa217d9de07a7a5ba	721
T1_ESTIMATION_R02_ACQUISITION	t1-r02-prewarmed-RUN-20260822T143648Z-010-v1	precontrol/attempt-02/atomic.stderr.log	e3b0c44298fc1c149afbf4c8996fb92427ae41e4649b934ca495991b7852b855	0
T1_ESTIMATION_R02_ACQUISITION	t1-r02-prewarmed-RUN-20260822T143648Z-010-v1	precontrol/attempt-02/atomic.stdout.log	652f6d5c597b4003aa290dd376ceaee39f591dff95e4d59a25175b1de4366ed3	911
T1_ESTIMATION_R02_ACQUISITION	t1-r02-prewarmed-RUN-20260822T143648Z-010-v1	precontrol/attempt-02/pipeline.stderr.log	e3b0c44298fc1c149afbf4c8996fb92427ae41e4649b934ca495991b7852b855	0
T1_ESTIMATION_R02_ACQUISITION	t1-r02-prewarmed-RUN-20260822T143648Z-010-v1	precontrol/attempt-02/pipeline.stdout.log	24f26f205886852d65dffc664c04b818bbcb662cc225986acd08b33d2f5958c1	945
T1_ESTIMATION_R02_ACQUISITION	t1-r02-prewarmed-RUN-20260822T143648Z-010-v1	precontrol/attempt-02/precontrol.json	fd65494d789d0353d96ef5042665023c4124c2579be5cbea06d398816856f0f8	2586
T1_ESTIMATION_R02_ACQUISITION	t1-r02-prewarmed-RUN-20260822T143648Z-010-v1	precontrol/attempt-02/processed/iperf3-receiver.intervals.canonical.jsonl	5dfe8246a4e04ee3ae4d6c2f8879243ca2ed2dc2588621c020e7bb533508747d	20404
T1_ESTIMATION_R02_ACQUISITION	t1-r02-prewarmed-RUN-20260822T143648Z-010-v1	precontrol/attempt-02/processed/iperf3-receiver.intervals.staging.jsonl	3cac692ce5af504499a3f10009a6c4ddfae741a8fbbf20365a7c9fa848a67b6a	33988
T1_ESTIMATION_R02_ACQUISITION	t1-r02-prewarmed-RUN-20260822T143648Z-010-v1	precontrol/attempt-02/raw/iperf3-receiver.stderr.log	e3b0c44298fc1c149afbf4c8996fb92427ae41e4649b934ca495991b7852b855	0
T1_ESTIMATION_R02_ACQUISITION	t1-r02-prewarmed-RUN-20260822T143648Z-010-v1	precontrol/attempt-02/raw/iperf3-receiver.stdout.log	2dce8a439d8b2abf7de374e0732b853fc5b6f27b4d81ff3006ff85aac9428509	3903
T1_ESTIMATION_R02_ACQUISITION	t1-r02-prewarmed-RUN-20260822T143648Z-010-v1	precontrol/attempt-02/raw/iperf3-receiver.timestamps.jsonl	d4dbc56008310bf29bd4de71f3ae343804e0a04f751ac49ff630d14f8f128fe1	18953
T1_ESTIMATION_R02_ACQUISITION	t1-r02-prewarmed-RUN-20260822T143648Z-010-v1	precontrol/attempt-02/selected.jsonl	5dfe8246a4e04ee3ae4d6c2f8879243ca2ed2dc2588621c020e7bb533508747d	20404
T1_ESTIMATION_R02_ACQUISITION	t1-r02-prewarmed-RUN-20260822T143648Z-010-v1	precontrol/attempt-02/stationarity.json	b4f53eaeeac6a7664e15cfba93b94463a0124921cf4439484404b71bbeb31e9c	1271
T1_ESTIMATION_R02_ACQUISITION	t1-r02-prewarmed-RUN-20260822T143648Z-010-v1	precontrol/attempt-02/tail-meta.env	91e07fc19d9f9e9cca00c59ff8db309359fa1d52323fc939195a33066746b90b	186
T1_ESTIMATION_R02_ACQUISITION	t1-r02-prewarmed-RUN-20260822T143648Z-010-v1	precontrol/attempt-02/tail.stderr.log	e3b0c44298fc1c149afbf4c8996fb92427ae41e4649b934ca495991b7852b855	0
T1_ESTIMATION_R02_ACQUISITION	t1-r02-prewarmed-RUN-20260822T143648Z-010-v1	precontrol/attempt-02/tail.stdout.log	91e07fc19d9f9e9cca00c59ff8db309359fa1d52323fc939195a33066746b90b	186
T1_ESTIMATION_R02_ACQUISITION	t1-r02-prewarmed-RUN-20260822T143648Z-010-v1	precontrol/attempt-03/atomic.json	a3708f05f5a33b37f1f50720a51ebd6f260ba3c06517d44cc0f6905f8288084c	721
T1_ESTIMATION_R02_ACQUISITION	t1-r02-prewarmed-RUN-20260822T143648Z-010-v1	precontrol/attempt-03/atomic.stderr.log	e3b0c44298fc1c149afbf4c8996fb92427ae41e4649b934ca495991b7852b855	0
T1_ESTIMATION_R02_ACQUISITION	t1-r02-prewarmed-RUN-20260822T143648Z-010-v1	precontrol/attempt-03/atomic.stdout.log	435b917a30abc664fb5c32825bbd443ed108ae8e69696a74cb0bda7328eb475f	913
T1_ESTIMATION_R02_ACQUISITION	t1-r02-prewarmed-RUN-20260822T143648Z-010-v1	precontrol/attempt-03/pipeline.stderr.log	e3b0c44298fc1c149afbf4c8996fb92427ae41e4649b934ca495991b7852b855	0
T1_ESTIMATION_R02_ACQUISITION	t1-r02-prewarmed-RUN-20260822T143648Z-010-v1	precontrol/attempt-03/pipeline.stdout.log	c0a5680eb2db40fd58000bb29e95a1cc74ec14313828ccb7bce5176a59128939	945
T1_ESTIMATION_R02_ACQUISITION	t1-r02-prewarmed-RUN-20260822T143648Z-010-v1	precontrol/attempt-03/precontrol.json	f597144eb41bf40d7cbcfa26e97b89af766773e43e6083261eb0344f986a4d8f	2590
T1_ESTIMATION_R02_ACQUISITION	t1-r02-prewarmed-RUN-20260822T143648Z-010-v1	precontrol/attempt-03/processed/iperf3-receiver.intervals.canonical.jsonl	56eccadd213e92bd503c843a97c0dea8fc935e7144192531cafd2ed3d400fece	20421
T1_ESTIMATION_R02_ACQUISITION	t1-r02-prewarmed-RUN-20260822T143648Z-010-v1	precontrol/attempt-03/processed/iperf3-receiver.intervals.staging.jsonl	cdc643adab8e98add8fb3701e40b5f8d56a6127afba9fa4abb5761f2844506a9	34015
T1_ESTIMATION_R02_ACQUISITION	t1-r02-prewarmed-RUN-20260822T143648Z-010-v1	precontrol/attempt-03/raw/iperf3-receiver.stderr.log	e3b0c44298fc1c149afbf4c8996fb92427ae41e4649b934ca495991b7852b855	0
T1_ESTIMATION_R02_ACQUISITION	t1-r02-prewarmed-RUN-20260822T143648Z-010-v1	precontrol/attempt-03/raw/iperf3-receiver.stdout.log	4cce38ddc94dc3739a2ed8aee95c189d4c10483be017ab955d4385edece04c87	3918
T1_ESTIMATION_R02_ACQUISITION	t1-r02-prewarmed-RUN-20260822T143648Z-010-v1	precontrol/attempt-03/raw/iperf3-receiver.timestamps.jsonl	add01bb31121a6ab725069ab5e86f3b476881190d02a35a7106fc4e5c61132de	18968
T1_ESTIMATION_R02_ACQUISITION	t1-r02-prewarmed-RUN-20260822T143648Z-010-v1	precontrol/attempt-03/selected.jsonl	56eccadd213e92bd503c843a97c0dea8fc935e7144192531cafd2ed3d400fece	20421
T1_ESTIMATION_R02_ACQUISITION	t1-r02-prewarmed-RUN-20260822T143648Z-010-v1	precontrol/attempt-03/stationarity.json	49f090e71d43298d1fb24d8738c050014eaae49128bb59360edc1b9a017f36e5	1273
T1_ESTIMATION_R02_ACQUISITION	t1-r02-prewarmed-RUN-20260822T143648Z-010-v1	precontrol/attempt-03/tail-meta.env	0084c973b12557b00ccd6240aac72cd9774d7f6bc66525a25c32b2a4d7928cf8	186
T1_ESTIMATION_R02_ACQUISITION	t1-r02-prewarmed-RUN-20260822T143648Z-010-v1	precontrol/attempt-03/tail.stderr.log	e3b0c44298fc1c149afbf4c8996fb92427ae41e4649b934ca495991b7852b855	0
T1_ESTIMATION_R02_ACQUISITION	t1-r02-prewarmed-RUN-20260822T143648Z-010-v1	precontrol/attempt-03/tail.stdout.log	0084c973b12557b00ccd6240aac72cd9774d7f6bc66525a25c32b2a4d7928cf8	186
T1_ESTIMATION_R02_ACQUISITION	t1-r02-prewarmed-RUN-20260822T143648Z-010-v1	precontrol/attempt-04/atomic.json	a1237425cdd3b2eef062410fd530046946ebb1f4c2b9e759dc467639900266bf	721
T1_ESTIMATION_R02_ACQUISITION	t1-r02-prewarmed-RUN-20260822T143648Z-010-v1	precontrol/attempt-04/atomic.stderr.log	e3b0c44298fc1c149afbf4c8996fb92427ae41e4649b934ca495991b7852b855	0
T1_ESTIMATION_R02_ACQUISITION	t1-r02-prewarmed-RUN-20260822T143648Z-010-v1	precontrol/attempt-04/atomic.stdout.log	33cc77a7e8e5184d4633fded8439fbfd7103d217120f8872cd3c72048909b966	913
T1_ESTIMATION_R02_ACQUISITION	t1-r02-prewarmed-RUN-20260822T143648Z-010-v1	precontrol/attempt-04/pipeline.stderr.log	e3b0c44298fc1c149afbf4c8996fb92427ae41e4649b934ca495991b7852b855	0
T1_ESTIMATION_R02_ACQUISITION	t1-r02-prewarmed-RUN-20260822T143648Z-010-v1	precontrol/attempt-04/pipeline.stdout.log	9b0c776d553104ca0934e70ef14c5120d71cc723cb081c57d1b766eb7e0e81cf	945
T1_ESTIMATION_R02_ACQUISITION	t1-r02-prewarmed-RUN-20260822T143648Z-010-v1	precontrol/attempt-04/precontrol.json	005484352aeaefc45e44017769207315c9f140ba3f9631e6494bb87967800aea	2590
T1_ESTIMATION_R02_ACQUISITION	t1-r02-prewarmed-RUN-20260822T143648Z-010-v1	precontrol/attempt-04/processed/iperf3-receiver.intervals.canonical.jsonl	c0489f05577b09bf178b9a86b9d6b74c110b3e907ffcdb62279f20b789ce12e7	20434
T1_ESTIMATION_R02_ACQUISITION	t1-r02-prewarmed-RUN-20260822T143648Z-010-v1	precontrol/attempt-04/processed/iperf3-receiver.intervals.staging.jsonl	775f20089c38f27c20b314c33cfac90f129829122dff9f307e4db65f382a1af4	34038
T1_ESTIMATION_R02_ACQUISITION	t1-r02-prewarmed-RUN-20260822T143648Z-010-v1	precontrol/attempt-04/raw/iperf3-receiver.stderr.log	e3b0c44298fc1c149afbf4c8996fb92427ae41e4649b934ca495991b7852b855	0
T1_ESTIMATION_R02_ACQUISITION	t1-r02-prewarmed-RUN-20260822T143648Z-010-v1	precontrol/attempt-04/raw/iperf3-receiver.stdout.log	8a95d7d4629c1e4469a5eff0b030d6a02079f4a8e3c83224c98c65f674c9ed40	3933
T1_ESTIMATION_R02_ACQUISITION	t1-r02-prewarmed-RUN-20260822T143648Z-010-v1	precontrol/attempt-04/raw/iperf3-receiver.timestamps.jsonl	3e9920d721acfe6f93accb3400883dff518fe03aaae2578fad22211e7acb7a67	18983
T1_ESTIMATION_R02_ACQUISITION	t1-r02-prewarmed-RUN-20260822T143648Z-010-v1	precontrol/attempt-04/selected.jsonl	c0489f05577b09bf178b9a86b9d6b74c110b3e907ffcdb62279f20b789ce12e7	20434
T1_ESTIMATION_R02_ACQUISITION	t1-r02-prewarmed-RUN-20260822T143648Z-010-v1	precontrol/attempt-04/stationarity.json	c13b4c383f25ad4d39bc1faaa8456ec9ce42eb25291a15c46868ce1224d5d3ed	1273
T1_ESTIMATION_R02_ACQUISITION	t1-r02-prewarmed-RUN-20260822T143648Z-010-v1	precontrol/attempt-04/tail-meta.env	81e503768edef3e0e9ef4f2faf8721c465da2bf63ed04b6034f584c0b62be990	186
T1_ESTIMATION_R02_ACQUISITION	t1-r02-prewarmed-RUN-20260822T143648Z-010-v1	precontrol/attempt-04/tail.stderr.log	e3b0c44298fc1c149afbf4c8996fb92427ae41e4649b934ca495991b7852b855	0
T1_ESTIMATION_R02_ACQUISITION	t1-r02-prewarmed-RUN-20260822T143648Z-010-v1	precontrol/attempt-04/tail.stdout.log	81e503768edef3e0e9ef4f2faf8721c465da2bf63ed04b6034f584c0b62be990	186
T1_ESTIMATION_R02_ACQUISITION	t1-r02-prewarmed-RUN-20260822T143648Z-010-v1	precontrol/attempt-05/atomic.json	471cba6bedfc500a81f6d4a591d282256cb8000e026f04eb6a3a2d894d47e9c7	721
T1_ESTIMATION_R02_ACQUISITION	t1-r02-prewarmed-RUN-20260822T143648Z-010-v1	precontrol/attempt-05/atomic.stderr.log	e3b0c44298fc1c149afbf4c8996fb92427ae41e4649b934ca495991b7852b855	0
T1_ESTIMATION_R02_ACQUISITION	t1-r02-prewarmed-RUN-20260822T143648Z-010-v1	precontrol/attempt-05/atomic.stdout.log	d03125b75f39a0e326a55797fa6f929c642c25b8470e38a7372019e3eb1ca9b3	913
T1_ESTIMATION_R02_ACQUISITION	t1-r02-prewarmed-RUN-20260822T143648Z-010-v1	precontrol/attempt-05/pipeline.stderr.log	e3b0c44298fc1c149afbf4c8996fb92427ae41e4649b934ca495991b7852b855	0
T1_ESTIMATION_R02_ACQUISITION	t1-r02-prewarmed-RUN-20260822T143648Z-010-v1	precontrol/attempt-05/pipeline.stdout.log	851624190d5f057f839be545dfd9501b25a421cc2b6b78d0e24b0b9fff225ae7	945
T1_ESTIMATION_R02_ACQUISITION	t1-r02-prewarmed-RUN-20260822T143648Z-010-v1	precontrol/attempt-05/precontrol.json	e6ea31d8e2cf5d15ee2debd403901c41485336802159f9f3a2af8f96a91773f1	2590
T1_ESTIMATION_R02_ACQUISITION	t1-r02-prewarmed-RUN-20260822T143648Z-010-v1	precontrol/attempt-05/processed/iperf3-receiver.intervals.canonical.jsonl	5bd9398490c78b9c60e6e36f829677a01e897789ad88ce51ec2ca3a459940b19	20448
T1_ESTIMATION_R02_ACQUISITION	t1-r02-prewarmed-RUN-20260822T143648Z-010-v1	precontrol/attempt-05/processed/iperf3-receiver.intervals.staging.jsonl	898bad5c5306894a827c7590fd65b692cb7c2a8b011ccbb473c4f9d55e3a5cea	34062
T1_ESTIMATION_R02_ACQUISITION	t1-r02-prewarmed-RUN-20260822T143648Z-010-v1	precontrol/attempt-05/raw/iperf3-receiver.stderr.log	e3b0c44298fc1c149afbf4c8996fb92427ae41e4649b934ca495991b7852b855	0
T1_ESTIMATION_R02_ACQUISITION	t1-r02-prewarmed-RUN-20260822T143648Z-010-v1	precontrol/attempt-05/raw/iperf3-receiver.stdout.log	6ca17f861eeb615265930e237aaa4c11c0d1812021ff623b779ca7e3c9a71a95	3948
T1_ESTIMATION_R02_ACQUISITION	t1-r02-prewarmed-RUN-20260822T143648Z-010-v1	precontrol/attempt-05/raw/iperf3-receiver.timestamps.jsonl	61352ba1ca97da08fe999e3a374e090aa7164c97e9fdc9840ea46bd12ba3a2f8	18998
T1_ESTIMATION_R02_ACQUISITION	t1-r02-prewarmed-RUN-20260822T143648Z-010-v1	precontrol/attempt-05/selected.jsonl	5bd9398490c78b9c60e6e36f829677a01e897789ad88ce51ec2ca3a459940b19	20448
T1_ESTIMATION_R02_ACQUISITION	t1-r02-prewarmed-RUN-20260822T143648Z-010-v1	precontrol/attempt-05/stationarity.json	f5c07e130a3ba632200557e1ad4202060dd0aeb55f32efb86429dadd72e4147d	1273
T1_ESTIMATION_R02_ACQUISITION	t1-r02-prewarmed-RUN-20260822T143648Z-010-v1	precontrol/attempt-05/tail-meta.env	fcaeb3b98665e142c086130f244262dd6618624f94701cfa7a70fde1d18d0c25	186
T1_ESTIMATION_R02_ACQUISITION	t1-r02-prewarmed-RUN-20260822T143648Z-010-v1	precontrol/attempt-05/tail.stderr.log	e3b0c44298fc1c149afbf4c8996fb92427ae41e4649b934ca495991b7852b855	0
T1_ESTIMATION_R02_ACQUISITION	t1-r02-prewarmed-RUN-20260822T143648Z-010-v1	precontrol/attempt-05/tail.stdout.log	fcaeb3b98665e142c086130f244262dd6618624f94701cfa7a70fde1d18d0c25	186
T1_ESTIMATION_R02_ACQUISITION	t1-r02-prewarmed-RUN-20260822T143648Z-010-v1	precontrol/attempt-06/atomic.json	d261fe90bd0661ccee086628ea8506c63b6f78a4a4342df7a662a3de5389d998	721
T1_ESTIMATION_R02_ACQUISITION	t1-r02-prewarmed-RUN-20260822T143648Z-010-v1	precontrol/attempt-06/atomic.stderr.log	e3b0c44298fc1c149afbf4c8996fb92427ae41e4649b934ca495991b7852b855	0
T1_ESTIMATION_R02_ACQUISITION	t1-r02-prewarmed-RUN-20260822T143648Z-010-v1	precontrol/attempt-06/atomic.stdout.log	7237a6c39750bd07ec5d3d7db3e57572fc5f53e1da68902432c3eada0cbcbd2e	912
T1_ESTIMATION_R02_ACQUISITION	t1-r02-prewarmed-RUN-20260822T143648Z-010-v1	precontrol/attempt-06/pipeline.stderr.log	e3b0c44298fc1c149afbf4c8996fb92427ae41e4649b934ca495991b7852b855	0
T1_ESTIMATION_R02_ACQUISITION	t1-r02-prewarmed-RUN-20260822T143648Z-010-v1	precontrol/attempt-06/pipeline.stdout.log	1915ed4784ea87677847703dca79c11ea08ac7dc661c1ac561b0d399ad614a38	945
T1_ESTIMATION_R02_ACQUISITION	t1-r02-prewarmed-RUN-20260822T143648Z-010-v1	precontrol/attempt-06/precontrol.json	8e2d86a6dc84f141390d83307c889340306b96f1db280e11e2c8470eab30fdcc	2589
T1_ESTIMATION_R02_ACQUISITION	t1-r02-prewarmed-RUN-20260822T143648Z-010-v1	precontrol/attempt-06/processed/iperf3-receiver.intervals.canonical.jsonl	311adcb2ed6f115d9ba80f9b058a9c286b628dd04d3888611967ef99d117f685	20464
T1_ESTIMATION_R02_ACQUISITION	t1-r02-prewarmed-RUN-20260822T143648Z-010-v1	precontrol/attempt-06/processed/iperf3-receiver.intervals.staging.jsonl	a381151e8844531567553a7681e6098f6b2e3335d135e3307486648230a248f6	34088
T1_ESTIMATION_R02_ACQUISITION	t1-r02-prewarmed-RUN-20260822T143648Z-010-v1	precontrol/attempt-06/raw/iperf3-receiver.stderr.log	e3b0c44298fc1c149afbf4c8996fb92427ae41e4649b934ca495991b7852b855	0
T1_ESTIMATION_R02_ACQUISITION	t1-r02-prewarmed-RUN-20260822T143648Z-010-v1	precontrol/attempt-06/raw/iperf3-receiver.stdout.log	0712dd1bbcf96a0246839f36105ca8b7b75da72c73c48b7f2972ec96cb0a50b5	3963
T1_ESTIMATION_R02_ACQUISITION	t1-r02-prewarmed-RUN-20260822T143648Z-010-v1	precontrol/attempt-06/raw/iperf3-receiver.timestamps.jsonl	e39e10b4953b26ca7bc993aafa8767661905a073a1c913d8518990d38e822f60	19013
T1_ESTIMATION_R02_ACQUISITION	t1-r02-prewarmed-RUN-20260822T143648Z-010-v1	precontrol/attempt-06/selected.jsonl	311adcb2ed6f115d9ba80f9b058a9c286b628dd04d3888611967ef99d117f685	20464
T1_ESTIMATION_R02_ACQUISITION	t1-r02-prewarmed-RUN-20260822T143648Z-010-v1	precontrol/attempt-06/stationarity.json	72f2b6d0a9b4a9902eae893475bc88a98cda1b76e12aa31abdca9c388db1607c	1273
T1_ESTIMATION_R02_ACQUISITION	t1-r02-prewarmed-RUN-20260822T143648Z-010-v1	precontrol/attempt-06/tail-meta.env	99698536f41aa97be1094feddfccb9d4dd64f85305c6fa617924adb7eb70c201	186
T1_ESTIMATION_R02_ACQUISITION	t1-r02-prewarmed-RUN-20260822T143648Z-010-v1	precontrol/attempt-06/tail.stderr.log	e3b0c44298fc1c149afbf4c8996fb92427ae41e4649b934ca495991b7852b855	0
T1_ESTIMATION_R02_ACQUISITION	t1-r02-prewarmed-RUN-20260822T143648Z-010-v1	precontrol/attempt-06/tail.stdout.log	99698536f41aa97be1094feddfccb9d4dd64f85305c6fa617924adb7eb70c201	186
T1_ESTIMATION_R02_ACQUISITION	t1-r02-prewarmed-RUN-20260822T143648Z-010-v1	precontrol/attempt-07/atomic.json	5b112ea3767ce7e95048313a934339a2c8bbb652a6f24e583ffb412cd1c4b69a	721
T1_ESTIMATION_R02_ACQUISITION	t1-r02-prewarmed-RUN-20260822T143648Z-010-v1	precontrol/attempt-07/atomic.stderr.log	e3b0c44298fc1c149afbf4c8996fb92427ae41e4649b934ca495991b7852b855	0
T1_ESTIMATION_R02_ACQUISITION	t1-r02-prewarmed-RUN-20260822T143648Z-010-v1	precontrol/attempt-07/atomic.stdout.log	5416c4849e84d026e7c562415896df613a7a473404033d3f37fcb0dd3dd9cc1d	913
T1_ESTIMATION_R02_ACQUISITION	t1-r02-prewarmed-RUN-20260822T143648Z-010-v1	precontrol/attempt-07/pipeline.stderr.log	e3b0c44298fc1c149afbf4c8996fb92427ae41e4649b934ca495991b7852b855	0
T1_ESTIMATION_R02_ACQUISITION	t1-r02-prewarmed-RUN-20260822T143648Z-010-v1	precontrol/attempt-07/pipeline.stdout.log	f9872f31ec26c98497f29484381b24f3b9005f7a01c81ae22a63ed4689157045	945
T1_ESTIMATION_R02_ACQUISITION	t1-r02-prewarmed-RUN-20260822T143648Z-010-v1	precontrol/attempt-07/precontrol.json	a036a62f7191d5918337c1486f57b7428f1d6f50b9a6aee8770277e73dd03ab5	2590
T1_ESTIMATION_R02_ACQUISITION	t1-r02-prewarmed-RUN-20260822T143648Z-010-v1	precontrol/attempt-07/processed/iperf3-receiver.intervals.canonical.jsonl	08606f26bcc275e8dd3b004ae2a2ac3e77343d48d453c4940a19fdb42eb33f85	20479
T1_ESTIMATION_R02_ACQUISITION	t1-r02-prewarmed-RUN-20260822T143648Z-010-v1	precontrol/attempt-07/processed/iperf3-receiver.intervals.staging.jsonl	a0344b11e740fc0512d2c1defc8f12eebbf53ce12d611264143475fde0fd2c99	34116
T1_ESTIMATION_R02_ACQUISITION	t1-r02-prewarmed-RUN-20260822T143648Z-010-v1	precontrol/attempt-07/raw/iperf3-receiver.stderr.log	e3b0c44298fc1c149afbf4c8996fb92427ae41e4649b934ca495991b7852b855	0
T1_ESTIMATION_R02_ACQUISITION	t1-r02-prewarmed-RUN-20260822T143648Z-010-v1	precontrol/attempt-07/raw/iperf3-receiver.stdout.log	735c3da20bd8295c644719b14b8934bf039822f18ec8e5c5204675b55578619b	3978
T1_ESTIMATION_R02_ACQUISITION	t1-r02-prewarmed-RUN-20260822T143648Z-010-v1	precontrol/attempt-07/raw/iperf3-receiver.timestamps.jsonl	b92cee152a84cd0500bbd974fc691997f4fb85a1f6480c8f6ee6c3677533e57e	19031
T1_ESTIMATION_R02_ACQUISITION	t1-r02-prewarmed-RUN-20260822T143648Z-010-v1	precontrol/attempt-07/selected.jsonl	08606f26bcc275e8dd3b004ae2a2ac3e77343d48d453c4940a19fdb42eb33f85	20479
T1_ESTIMATION_R02_ACQUISITION	t1-r02-prewarmed-RUN-20260822T143648Z-010-v1	precontrol/attempt-07/stationarity.json	f6b9210b7d664836f4be99bbd6c2de0e31352ea3edcf969a7a448bd5c80496cd	1273
T1_ESTIMATION_R02_ACQUISITION	t1-r02-prewarmed-RUN-20260822T143648Z-010-v1	precontrol/attempt-07/tail-meta.env	07d8698799fc96a414118daa6949f24212979c097163cceeb377227690e60fde	187
T1_ESTIMATION_R02_ACQUISITION	t1-r02-prewarmed-RUN-20260822T143648Z-010-v1	precontrol/attempt-07/tail.stderr.log	e3b0c44298fc1c149afbf4c8996fb92427ae41e4649b934ca495991b7852b855	0
T1_ESTIMATION_R02_ACQUISITION	t1-r02-prewarmed-RUN-20260822T143648Z-010-v1	precontrol/attempt-07/tail.stdout.log	07d8698799fc96a414118daa6949f24212979c097163cceeb377227690e60fde	187
T1_ESTIMATION_R02_ACQUISITION	t1-r02-prewarmed-RUN-20260822T143648Z-010-v1	precontrol/attempt-08/atomic.json	9dfcf981b7ce87a3c326bde92dc253b0e475814b8c31a902dc1f20c1b61e6577	721
T1_ESTIMATION_R02_ACQUISITION	t1-r02-prewarmed-RUN-20260822T143648Z-010-v1	precontrol/attempt-08/atomic.stderr.log	e3b0c44298fc1c149afbf4c8996fb92427ae41e4649b934ca495991b7852b855	0
T1_ESTIMATION_R02_ACQUISITION	t1-r02-prewarmed-RUN-20260822T143648Z-010-v1	precontrol/attempt-08/atomic.stdout.log	657d6fae2f345c9b3214de8b79456eda1da7e6bafde56b74dc1e3fe6209b589d	914
T1_ESTIMATION_R02_ACQUISITION	t1-r02-prewarmed-RUN-20260822T143648Z-010-v1	precontrol/attempt-08/pipeline.stderr.log	e3b0c44298fc1c149afbf4c8996fb92427ae41e4649b934ca495991b7852b855	0
T1_ESTIMATION_R02_ACQUISITION	t1-r02-prewarmed-RUN-20260822T143648Z-010-v1	precontrol/attempt-08/pipeline.stdout.log	a1e902e69353e590edcbf204d11348bdf3e77a436ea5126c949fc320bfb62bc4	945
T1_ESTIMATION_R02_ACQUISITION	t1-r02-prewarmed-RUN-20260822T143648Z-010-v1	precontrol/attempt-08/precontrol.json	302c56a03d231ed4440f21a8832a722fda09f0f2ea647ceee456684375c9c584	2592
T1_ESTIMATION_R02_ACQUISITION	t1-r02-prewarmed-RUN-20260822T143648Z-010-v1	precontrol/attempt-08/processed/iperf3-receiver.intervals.canonical.jsonl	994b1888b4515756bcbab91abe10313703f2bc2561b874d5f019316d8f518060	20489
T1_ESTIMATION_R02_ACQUISITION	t1-r02-prewarmed-RUN-20260822T143648Z-010-v1	precontrol/attempt-08/processed/iperf3-receiver.intervals.staging.jsonl	c14d35b873d7df5a5a7fe2b254955d730a81f1bed94db546c197f99d95d1f26d	34141
T1_ESTIMATION_R02_ACQUISITION	t1-r02-prewarmed-RUN-20260822T143648Z-010-v1	precontrol/attempt-08/raw/iperf3-receiver.stderr.log	e3b0c44298fc1c149afbf4c8996fb92427ae41e4649b934ca495991b7852b855	0
T1_ESTIMATION_R02_ACQUISITION	t1-r02-prewarmed-RUN-20260822T143648Z-010-v1	precontrol/attempt-08/raw/iperf3-receiver.stdout.log	8827638c72fdb8e905a1106340db2f7976a9cac62f5d2e0688ad15f5378fbede	3993
T1_ESTIMATION_R02_ACQUISITION	t1-r02-prewarmed-RUN-20260822T143648Z-010-v1	precontrol/attempt-08/raw/iperf3-receiver.timestamps.jsonl	b36af3104d85e5d74cd7551d77a183dd8e6080dd1b2309813df2021944288dd7	19051
T1_ESTIMATION_R02_ACQUISITION	t1-r02-prewarmed-RUN-20260822T143648Z-010-v1	precontrol/attempt-08/selected.jsonl	994b1888b4515756bcbab91abe10313703f2bc2561b874d5f019316d8f518060	20489
T1_ESTIMATION_R02_ACQUISITION	t1-r02-prewarmed-RUN-20260822T143648Z-010-v1	precontrol/attempt-08/stationarity.json	1d65a19b78d46954a8388fee53ae28d95f4081cdc73f7ff623c879d97f2660e5	1274
T1_ESTIMATION_R02_ACQUISITION	t1-r02-prewarmed-RUN-20260822T143648Z-010-v1	precontrol/attempt-08/tail-meta.env	5fcf842ff4db9eb4e2d9baf5aafe204f9d72759e797883d53cade52da777cba0	187
T1_ESTIMATION_R02_ACQUISITION	t1-r02-prewarmed-RUN-20260822T143648Z-010-v1	precontrol/attempt-08/tail.stderr.log	e3b0c44298fc1c149afbf4c8996fb92427ae41e4649b934ca495991b7852b855	0
T1_ESTIMATION_R02_ACQUISITION	t1-r02-prewarmed-RUN-20260822T143648Z-010-v1	precontrol/attempt-08/tail.stdout.log	5fcf842ff4db9eb4e2d9baf5aafe204f9d72759e797883d53cade52da777cba0	187
T1_ESTIMATION_R02_ACQUISITION	t1-r02-prewarmed-RUN-20260822T143648Z-010-v1	precontrol/attempt-09/atomic.json	fcce021e1f9574419e543929744c1d9f66ee98c57b8eef6a978ac34e41b7b0c8	721
T1_ESTIMATION_R02_ACQUISITION	t1-r02-prewarmed-RUN-20260822T143648Z-010-v1	precontrol/attempt-09/atomic.stderr.log	e3b0c44298fc1c149afbf4c8996fb92427ae41e4649b934ca495991b7852b855	0
T1_ESTIMATION_R02_ACQUISITION	t1-r02-prewarmed-RUN-20260822T143648Z-010-v1	precontrol/attempt-09/atomic.stdout.log	fb3c213fd4fb047b8bd2903a47495406720ebd8147d0c37310d28480de2f9d94	913
T1_ESTIMATION_R02_ACQUISITION	t1-r02-prewarmed-RUN-20260822T143648Z-010-v1	precontrol/attempt-09/pipeline.stderr.log	e3b0c44298fc1c149afbf4c8996fb92427ae41e4649b934ca495991b7852b855	0
T1_ESTIMATION_R02_ACQUISITION	t1-r02-prewarmed-RUN-20260822T143648Z-010-v1	precontrol/attempt-09/pipeline.stdout.log	868e1206a681ddaf30a0020c68a4e68244890a98db94b2a28dca5d390b2dadb9	945
T1_ESTIMATION_R02_ACQUISITION	t1-r02-prewarmed-RUN-20260822T143648Z-010-v1	precontrol/attempt-09/precontrol.json	464625f40b8be342ff0f5a4fb0843af94ed97ad9572d80daabc5f1a0874e52c8	2591
T1_ESTIMATION_R02_ACQUISITION	t1-r02-prewarmed-RUN-20260822T143648Z-010-v1	precontrol/attempt-09/processed/iperf3-receiver.intervals.canonical.jsonl	7f64455dc5646b3b4a25d07caaf22763c9c3f88ab75827e524bca3b4637401ac	20491
T1_ESTIMATION_R02_ACQUISITION	t1-r02-prewarmed-RUN-20260822T143648Z-010-v1	precontrol/attempt-09/processed/iperf3-receiver.intervals.staging.jsonl	d9a8fdb98384668a9ce694a1d588b543c900f79cc3d4ac483741dbf5b510690a	34155
T1_ESTIMATION_R02_ACQUISITION	t1-r02-prewarmed-RUN-20260822T143648Z-010-v1	precontrol/attempt-09/raw/iperf3-receiver.stderr.log	e3b0c44298fc1c149afbf4c8996fb92427ae41e4649b934ca495991b7852b855	0
T1_ESTIMATION_R02_ACQUISITION	t1-r02-prewarmed-RUN-20260822T143648Z-010-v1	precontrol/attempt-09/raw/iperf3-receiver.stdout.log	60e5dbec2ff3a065d78623d3de6740e6e0457a52cb1959846a8a06e5fce7b962	4000
T1_ESTIMATION_R02_ACQUISITION	t1-r02-prewarmed-RUN-20260822T143648Z-010-v1	precontrol/attempt-09/raw/iperf3-receiver.timestamps.jsonl	08ad069b844a52a649ca9a8c231a80a65226825e3e0da419d1c7d2a9a3f5a696	19064
T1_ESTIMATION_R02_ACQUISITION	t1-r02-prewarmed-RUN-20260822T143648Z-010-v1	precontrol/attempt-09/selected.jsonl	7f64455dc5646b3b4a25d07caaf22763c9c3f88ab75827e524bca3b4637401ac	20491
T1_ESTIMATION_R02_ACQUISITION	t1-r02-prewarmed-RUN-20260822T143648Z-010-v1	precontrol/attempt-09/stationarity.json	cda37fb5eb93b7cf4f2b15a32e8cb2c0633218eaf5aebc98d02ce7e22532aa10	1274
T1_ESTIMATION_R02_ACQUISITION	t1-r02-prewarmed-RUN-20260822T143648Z-010-v1	precontrol/attempt-09/tail-meta.env	a7c259abab9ecdc0e3a4488998992b7eb370795633b9b1471569cedf63b0ed9d	187
T1_ESTIMATION_R02_ACQUISITION	t1-r02-prewarmed-RUN-20260822T143648Z-010-v1	precontrol/attempt-09/tail.stderr.log	e3b0c44298fc1c149afbf4c8996fb92427ae41e4649b934ca495991b7852b855	0
T1_ESTIMATION_R02_ACQUISITION	t1-r02-prewarmed-RUN-20260822T143648Z-010-v1	precontrol/attempt-09/tail.stdout.log	a7c259abab9ecdc0e3a4488998992b7eb370795633b9b1471569cedf63b0ed9d	187
T1_ESTIMATION_R02_ACQUISITION	t1-r02-prewarmed-RUN-20260822T143648Z-010-v1	precontrol/attempt-10/atomic.json	61f7ff9f353e0fe94b2ff61bc6cee47c88893448159ce64d677a7436cc0a47fe	721
T1_ESTIMATION_R02_ACQUISITION	t1-r02-prewarmed-RUN-20260822T143648Z-010-v1	precontrol/attempt-10/atomic.stderr.log	e3b0c44298fc1c149afbf4c8996fb92427ae41e4649b934ca495991b7852b855	0
T1_ESTIMATION_R02_ACQUISITION	t1-r02-prewarmed-RUN-20260822T143648Z-010-v1	precontrol/attempt-10/atomic.stdout.log	1be2ac8870986a12d0ae370ea9471e0946c1adf8c417b2a1d55e450f51839d79	914
T1_ESTIMATION_R02_ACQUISITION	t1-r02-prewarmed-RUN-20260822T143648Z-010-v1	precontrol/attempt-10/pipeline.stderr.log	e3b0c44298fc1c149afbf4c8996fb92427ae41e4649b934ca495991b7852b855	0
T1_ESTIMATION_R02_ACQUISITION	t1-r02-prewarmed-RUN-20260822T143648Z-010-v1	precontrol/attempt-10/pipeline.stdout.log	2fe19471fe6be0483dac494f6267c67b3774d6f9b5103d3082bea348aebd0c23	945
T1_ESTIMATION_R02_ACQUISITION	t1-r02-prewarmed-RUN-20260822T143648Z-010-v1	precontrol/attempt-10/precontrol.json	f27c05f564bcab4692a132338627b024d411b54c019cac77a4880c55bcca923c	2593
T1_ESTIMATION_R02_ACQUISITION	t1-r02-prewarmed-RUN-20260822T143648Z-010-v1	precontrol/attempt-10/processed/iperf3-receiver.intervals.canonical.jsonl	ccb166d5cb2fc769858fedff1b813c49d6fbc04af96239577616bcc4281722ac	20491
T1_ESTIMATION_R02_ACQUISITION	t1-r02-prewarmed-RUN-20260822T143648Z-010-v1	precontrol/attempt-10/processed/iperf3-receiver.intervals.staging.jsonl	1e376267b720e6e89b58199ec4b42d03471365cb13cd68ff4357574baa7e13a4	34160
T1_ESTIMATION_R02_ACQUISITION	t1-r02-prewarmed-RUN-20260822T143648Z-010-v1	precontrol/attempt-10/raw/iperf3-receiver.stderr.log	e3b0c44298fc1c149afbf4c8996fb92427ae41e4649b934ca495991b7852b855	0
T1_ESTIMATION_R02_ACQUISITION	t1-r02-prewarmed-RUN-20260822T143648Z-010-v1	precontrol/attempt-10/raw/iperf3-receiver.stdout.log	22cc98b2ac0ba5ed4fa4456671ca005815dbb43ff052704e3563f6af1a946b5c	4000
T1_ESTIMATION_R02_ACQUISITION	t1-r02-prewarmed-RUN-20260822T143648Z-010-v1	precontrol/attempt-10/raw/iperf3-receiver.timestamps.jsonl	8bb5ff5a1a950c67d06e4d255f0c7636f18d7aa1011676558f4b031b71728466	19069
T1_ESTIMATION_R02_ACQUISITION	t1-r02-prewarmed-RUN-20260822T143648Z-010-v1	precontrol/attempt-10/selected.jsonl	ccb166d5cb2fc769858fedff1b813c49d6fbc04af96239577616bcc4281722ac	20491
T1_ESTIMATION_R02_ACQUISITION	t1-r02-prewarmed-RUN-20260822T143648Z-010-v1	precontrol/attempt-10/stationarity.json	18e79fb5f786597429da8698d84e19ca1c12983f768fd507472e0d49034d2d4e	1275
T1_ESTIMATION_R02_ACQUISITION	t1-r02-prewarmed-RUN-20260822T143648Z-010-v1	precontrol/attempt-10/tail-meta.env	39a21cfc32ef73cfcae638a58cebac6532bff698529474f69331cf97b0a2cf45	187
T1_ESTIMATION_R02_ACQUISITION	t1-r02-prewarmed-RUN-20260822T143648Z-010-v1	precontrol/attempt-10/tail.stderr.log	e3b0c44298fc1c149afbf4c8996fb92427ae41e4649b934ca495991b7852b855	0
T1_ESTIMATION_R02_ACQUISITION	t1-r02-prewarmed-RUN-20260822T143648Z-010-v1	precontrol/attempt-10/tail.stdout.log	39a21cfc32ef73cfcae638a58cebac6532bff698529474f69331cf97b0a2cf45	187
T1_ESTIMATION_R02_ACQUISITION	t1-r02-prewarmed-RUN-20260822T143648Z-010-v1	precontrol/attempt-11/atomic.json	31a9239d542085ce4b3712c6b390cfcef1f397c4749cf0cf9baa0e8c2b379f91	721
T1_ESTIMATION_R02_ACQUISITION	t1-r02-prewarmed-RUN-20260822T143648Z-010-v1	precontrol/attempt-11/atomic.stderr.log	e3b0c44298fc1c149afbf4c8996fb92427ae41e4649b934ca495991b7852b855	0
T1_ESTIMATION_R02_ACQUISITION	t1-r02-prewarmed-RUN-20260822T143648Z-010-v1	precontrol/attempt-11/atomic.stdout.log	17df85f4eb04348d32fc5b88b0b3acd3d24a112b11b861bf6c20513dc8d251f0	914
T1_ESTIMATION_R02_ACQUISITION	t1-r02-prewarmed-RUN-20260822T143648Z-010-v1	precontrol/attempt-11/pipeline.stderr.log	e3b0c44298fc1c149afbf4c8996fb92427ae41e4649b934ca495991b7852b855	0
T1_ESTIMATION_R02_ACQUISITION	t1-r02-prewarmed-RUN-20260822T143648Z-010-v1	precontrol/attempt-11/pipeline.stdout.log	3a6d88baa487697778c01f36c1ad6405e86500937b8e7ac0f5d96d004642f2fd	945
T1_ESTIMATION_R02_ACQUISITION	t1-r02-prewarmed-RUN-20260822T143648Z-010-v1	precontrol/attempt-11/precontrol.json	78e575706e170b9ff590572155bd5ae721c0d92b9463602215ac575807176bde	2593
T1_ESTIMATION_R02_ACQUISITION	t1-r02-prewarmed-RUN-20260822T143648Z-010-v1	precontrol/attempt-11/processed/iperf3-receiver.intervals.canonical.jsonl	d45e718292b68dbf02eb5dd4726c63c38fa9ed5e3dbd348ff201215fb33ae76c	20493
T1_ESTIMATION_R02_ACQUISITION	t1-r02-prewarmed-RUN-20260822T143648Z-010-v1	precontrol/attempt-11/processed/iperf3-receiver.intervals.staging.jsonl	1edcb9c5cf152051e6480ae16f25c765e4b94362ff07d985b38e9885386a6d41	34167
T1_ESTIMATION_R02_ACQUISITION	t1-r02-prewarmed-RUN-20260822T143648Z-010-v1	precontrol/attempt-11/raw/iperf3-receiver.stderr.log	e3b0c44298fc1c149afbf4c8996fb92427ae41e4649b934ca495991b7852b855	0
T1_ESTIMATION_R02_ACQUISITION	t1-r02-prewarmed-RUN-20260822T143648Z-010-v1	precontrol/attempt-11/raw/iperf3-receiver.stdout.log	aca349f60f6395b37b249e74954ba783b16768ad51b997279332aafe011790d8	4000
T1_ESTIMATION_R02_ACQUISITION	t1-r02-prewarmed-RUN-20260822T143648Z-010-v1	precontrol/attempt-11/raw/iperf3-receiver.timestamps.jsonl	30dc6a141b242adc5b95a4ca6a1ac3e20eb105576b7f97aa4b862705dc9eea55	19074
T1_ESTIMATION_R02_ACQUISITION	t1-r02-prewarmed-RUN-20260822T143648Z-010-v1	precontrol/attempt-11/selected.jsonl	d45e718292b68dbf02eb5dd4726c63c38fa9ed5e3dbd348ff201215fb33ae76c	20493
T1_ESTIMATION_R02_ACQUISITION	t1-r02-prewarmed-RUN-20260822T143648Z-010-v1	precontrol/attempt-11/stationarity.json	99221637211fa7325e100bfd0db7e6f527d890090d42f72bd31fbbf6f4edd1a5	1275
T1_ESTIMATION_R02_ACQUISITION	t1-r02-prewarmed-RUN-20260822T143648Z-010-v1	precontrol/attempt-11/tail-meta.env	fcdc58d0997835454ed27e23bb13e09fb378a199a85e53a19d3c7130051c747d	187
T1_ESTIMATION_R02_ACQUISITION	t1-r02-prewarmed-RUN-20260822T143648Z-010-v1	precontrol/attempt-11/tail.stderr.log	e3b0c44298fc1c149afbf4c8996fb92427ae41e4649b934ca495991b7852b855	0
T1_ESTIMATION_R02_ACQUISITION	t1-r02-prewarmed-RUN-20260822T143648Z-010-v1	precontrol/attempt-11/tail.stdout.log	fcdc58d0997835454ed27e23bb13e09fb378a199a85e53a19d3c7130051c747d	187
T1_ESTIMATION_R02_ACQUISITION	t1-r02-prewarmed-RUN-20260822T143648Z-010-v1	precontrol/attempt-12/atomic.json	11afe6f9c1325c9e2f421137a0aa2f43862c996e81a6dd2314c6ec42fb1227c2	1044
T1_ESTIMATION_R02_ACQUISITION	t1-r02-prewarmed-RUN-20260822T143648Z-010-v1	precontrol/attempt-12/atomic.stderr.log	e3b0c44298fc1c149afbf4c8996fb92427ae41e4649b934ca495991b7852b855	0
T1_ESTIMATION_R02_ACQUISITION	t1-r02-prewarmed-RUN-20260822T143648Z-010-v1	precontrol/attempt-12/atomic.stdout.log	db0c448f3f7624ecdf92e52a97fe4e1a6bdfa22c4ba99cfe4326eb8351f0614a	1118
T1_ESTIMATION_R02_ACQUISITION	t1-r02-prewarmed-RUN-20260822T143648Z-010-v1	precontrol/attempt-12/pipeline.stderr.log	e3b0c44298fc1c149afbf4c8996fb92427ae41e4649b934ca495991b7852b855	0
T1_ESTIMATION_R02_ACQUISITION	t1-r02-prewarmed-RUN-20260822T143648Z-010-v1	precontrol/attempt-12/pipeline.stdout.log	51d34d4516afda651fc98fe57e84bae08aeca83e91317a90a21bd44293314e76	945
T1_ESTIMATION_R02_ACQUISITION	t1-r02-prewarmed-RUN-20260822T143648Z-010-v1	precontrol/attempt-12/precontrol.json	8fe500e838166c25e28291a884c5e6f4d1aad18503c0c7ddc32af574495ff93c	2562
T1_ESTIMATION_R02_ACQUISITION	t1-r02-prewarmed-RUN-20260822T143648Z-010-v1	precontrol/attempt-12/processed/iperf3-receiver.intervals.canonical.jsonl	22493155e0ceab3418fdda61efd70e2336751866cb62030564acd1a38c840b38	20492
T1_ESTIMATION_R02_ACQUISITION	t1-r02-prewarmed-RUN-20260822T143648Z-010-v1	precontrol/attempt-12/processed/iperf3-receiver.intervals.staging.jsonl	ca7412fc224a9b7c8219bbb9edc16d4850c75966c3b0658b9ca16e45f2cde0de	34172
T1_ESTIMATION_R02_ACQUISITION	t1-r02-prewarmed-RUN-20260822T143648Z-010-v1	precontrol/attempt-12/raw/iperf3-receiver.stderr.log	e3b0c44298fc1c149afbf4c8996fb92427ae41e4649b934ca495991b7852b855	0
T1_ESTIMATION_R02_ACQUISITION	t1-r02-prewarmed-RUN-20260822T143648Z-010-v1	precontrol/attempt-12/raw/iperf3-receiver.stdout.log	7bdf572487d9575c235fbcb42a60cbde6b779f1612c9ff25e6ed58bdf4555049	4000
T1_ESTIMATION_R02_ACQUISITION	t1-r02-prewarmed-RUN-20260822T143648Z-010-v1	precontrol/attempt-12/raw/iperf3-receiver.timestamps.jsonl	0fa50b235771681ec7e170f1ef9e0e8eef201b3adba065a52c016bb9d8e6f9db	19080
T1_ESTIMATION_R02_ACQUISITION	t1-r02-prewarmed-RUN-20260822T143648Z-010-v1	precontrol/attempt-12/selected.jsonl	22493155e0ceab3418fdda61efd70e2336751866cb62030564acd1a38c840b38	20492
T1_ESTIMATION_R02_ACQUISITION	t1-r02-prewarmed-RUN-20260822T143648Z-010-v1	precontrol/attempt-12/stationarity.json	b7e6e1ecd723944219d70ea1d491189e650f26207e0294afb086ea8feea919d8	1244
T1_ESTIMATION_R02_ACQUISITION	t1-r02-prewarmed-RUN-20260822T143648Z-010-v1	precontrol/attempt-12/tail-meta.env	6e4e87ea6edd041727bfc6c2c63cf238bf34d2f4fee699d329cb8dc201929d18	187
T1_ESTIMATION_R02_ACQUISITION	t1-r02-prewarmed-RUN-20260822T143648Z-010-v1	precontrol/attempt-12/tail.stderr.log	e3b0c44298fc1c149afbf4c8996fb92427ae41e4649b934ca495991b7852b855	0
T1_ESTIMATION_R02_ACQUISITION	t1-r02-prewarmed-RUN-20260822T143648Z-010-v1	precontrol/attempt-12/tail.stdout.log	6e4e87ea6edd041727bfc6c2c63cf238bf34d2f4fee699d329cb8dc201929d18	187
T1_ESTIMATION_R02_ACQUISITION	t1-r02-prewarmed-RUN-20260822T143648Z-010-v1	prewarm/rep-1/pipeline.stderr.log	e3b0c44298fc1c149afbf4c8996fb92427ae41e4649b934ca495991b7852b855	0
T1_ESTIMATION_R02_ACQUISITION	t1-r02-prewarmed-RUN-20260822T143648Z-010-v1	prewarm/rep-1/pipeline.stdout.log	af94401322cf1df9ca2316325287277b305a886ab5020e563d6967d5aa592353	929
T1_ESTIMATION_R02_ACQUISITION	t1-r02-prewarmed-RUN-20260822T143648Z-010-v1	prewarm/rep-1/precontrol.json	c969a27ba7613ff4b8396ad363da76dc7d490f395d5d4b8fcebef2d4e41e22f4	2550
T1_ESTIMATION_R02_ACQUISITION	t1-r02-prewarmed-RUN-20260822T143648Z-010-v1	prewarm/rep-1/precontrol.stderr.log	e3b0c44298fc1c149afbf4c8996fb92427ae41e4649b934ca495991b7852b855	0
T1_ESTIMATION_R02_ACQUISITION	t1-r02-prewarmed-RUN-20260822T143648Z-010-v1	prewarm/rep-1/precontrol.stdout.log	27807256f58855192bf59ec1c2f5a3c8e144ebbea648984cdd02f967748a7e98	813
T1_ESTIMATION_R02_ACQUISITION	t1-r02-prewarmed-RUN-20260822T143648Z-010-v1	prewarm/rep-1/processed/iperf3-receiver.intervals.canonical.jsonl	04a8c5ad7a146afc31e5a02c2c9939c933b8ac015c4425c4ff9951a1d93862c5	24465
T1_ESTIMATION_R02_ACQUISITION	t1-r02-prewarmed-RUN-20260822T143648Z-010-v1	prewarm/rep-1/processed/iperf3-receiver.intervals.staging.jsonl	af9aadbc760d4c51250908f1291d07762c2559ab5e01033c65ac07dbdde2467a	40753
T1_ESTIMATION_R02_ACQUISITION	t1-r02-prewarmed-RUN-20260822T143648Z-010-v1	prewarm/rep-1/raw/iperf3-receiver.stderr.log	e3b0c44298fc1c149afbf4c8996fb92427ae41e4649b934ca495991b7852b855	0
T1_ESTIMATION_R02_ACQUISITION	t1-r02-prewarmed-RUN-20260822T143648Z-010-v1	prewarm/rep-1/raw/iperf3-receiver.stdout.log	1f0be10e440d46e48180ced118a844f58600730cddc567d926b164964f847468	4662
T1_ESTIMATION_R02_ACQUISITION	t1-r02-prewarmed-RUN-20260822T143648Z-010-v1	prewarm/rep-1/raw/iperf3-receiver.timestamps.jsonl	6789b1fe8881a82175845795e92cf4bfab1053639053ec7d18cd52800a100d04	22722
T1_ESTIMATION_R02_ACQUISITION	t1-r02-prewarmed-RUN-20260822T143648Z-010-v1	prewarm/rep-1/selected.jsonl	7dcecf33140e04088b42aaae9e650438955dff903272b0368aded2e36948dfa4	20396
T1_ESTIMATION_R02_ACQUISITION	t1-r02-prewarmed-RUN-20260822T143648Z-010-v1	prewarm/rep-1/stationarity.json	c1cb62ce1f8ce3414957b54fef513f8d57465ab1a016f1ab54c016bf4b56efc2	1242
T1_ESTIMATION_R02_ACQUISITION	t1-r02-prewarmed-RUN-20260822T143648Z-010-v1	prewarm/rep-2/pipeline.stderr.log	e3b0c44298fc1c149afbf4c8996fb92427ae41e4649b934ca495991b7852b855	0
T1_ESTIMATION_R02_ACQUISITION	t1-r02-prewarmed-RUN-20260822T143648Z-010-v1	prewarm/rep-2/pipeline.stdout.log	2e334be77b2f367c288efa8bfbd62130e5de6080638c58e3196670b302d1cfac	929
T1_ESTIMATION_R02_ACQUISITION	t1-r02-prewarmed-RUN-20260822T143648Z-010-v1	prewarm/rep-2/precontrol.json	c969a27ba7613ff4b8396ad363da76dc7d490f395d5d4b8fcebef2d4e41e22f4	2550
T1_ESTIMATION_R02_ACQUISITION	t1-r02-prewarmed-RUN-20260822T143648Z-010-v1	prewarm/rep-2/precontrol.stderr.log	e3b0c44298fc1c149afbf4c8996fb92427ae41e4649b934ca495991b7852b855	0
T1_ESTIMATION_R02_ACQUISITION	t1-r02-prewarmed-RUN-20260822T143648Z-010-v1	prewarm/rep-2/precontrol.stdout.log	27807256f58855192bf59ec1c2f5a3c8e144ebbea648984cdd02f967748a7e98	813
T1_ESTIMATION_R02_ACQUISITION	t1-r02-prewarmed-RUN-20260822T143648Z-010-v1	prewarm/rep-2/processed/iperf3-receiver.intervals.canonical.jsonl	04a8c5ad7a146afc31e5a02c2c9939c933b8ac015c4425c4ff9951a1d93862c5	24465
T1_ESTIMATION_R02_ACQUISITION	t1-r02-prewarmed-RUN-20260822T143648Z-010-v1	prewarm/rep-2/processed/iperf3-receiver.intervals.staging.jsonl	af9aadbc760d4c51250908f1291d07762c2559ab5e01033c65ac07dbdde2467a	40753
T1_ESTIMATION_R02_ACQUISITION	t1-r02-prewarmed-RUN-20260822T143648Z-010-v1	prewarm/rep-2/raw/iperf3-receiver.stderr.log	e3b0c44298fc1c149afbf4c8996fb92427ae41e4649b934ca495991b7852b855	0
T1_ESTIMATION_R02_ACQUISITION	t1-r02-prewarmed-RUN-20260822T143648Z-010-v1	prewarm/rep-2/raw/iperf3-receiver.stdout.log	1f0be10e440d46e48180ced118a844f58600730cddc567d926b164964f847468	4662
T1_ESTIMATION_R02_ACQUISITION	t1-r02-prewarmed-RUN-20260822T143648Z-010-v1	prewarm/rep-2/raw/iperf3-receiver.timestamps.jsonl	6789b1fe8881a82175845795e92cf4bfab1053639053ec7d18cd52800a100d04	22722
T1_ESTIMATION_R02_ACQUISITION	t1-r02-prewarmed-RUN-20260822T143648Z-010-v1	prewarm/rep-2/selected.jsonl	7dcecf33140e04088b42aaae9e650438955dff903272b0368aded2e36948dfa4	20396
T1_ESTIMATION_R02_ACQUISITION	t1-r02-prewarmed-RUN-20260822T143648Z-010-v1	prewarm/rep-2/stationarity.json	c1cb62ce1f8ce3414957b54fef513f8d57465ab1a016f1ab54c016bf4b56efc2	1242
T1_ESTIMATION_R02_ACQUISITION	t1-r02-prewarmed-RUN-20260822T143648Z-010-v1	prewarm/rep-3/pipeline.stderr.log	e3b0c44298fc1c149afbf4c8996fb92427ae41e4649b934ca495991b7852b855	0
T1_ESTIMATION_R02_ACQUISITION	t1-r02-prewarmed-RUN-20260822T143648Z-010-v1	prewarm/rep-3/pipeline.stdout.log	4633873310c8ea51eec2989fb5ede10ab5d4f5def7d49adf06f504ec29428fdf	929
T1_ESTIMATION_R02_ACQUISITION	t1-r02-prewarmed-RUN-20260822T143648Z-010-v1	prewarm/rep-3/precontrol.json	c969a27ba7613ff4b8396ad363da76dc7d490f395d5d4b8fcebef2d4e41e22f4	2550
T1_ESTIMATION_R02_ACQUISITION	t1-r02-prewarmed-RUN-20260822T143648Z-010-v1	prewarm/rep-3/precontrol.stderr.log	e3b0c44298fc1c149afbf4c8996fb92427ae41e4649b934ca495991b7852b855	0
T1_ESTIMATION_R02_ACQUISITION	t1-r02-prewarmed-RUN-20260822T143648Z-010-v1	prewarm/rep-3/precontrol.stdout.log	27807256f58855192bf59ec1c2f5a3c8e144ebbea648984cdd02f967748a7e98	813
T1_ESTIMATION_R02_ACQUISITION	t1-r02-prewarmed-RUN-20260822T143648Z-010-v1	prewarm/rep-3/processed/iperf3-receiver.intervals.canonical.jsonl	04a8c5ad7a146afc31e5a02c2c9939c933b8ac015c4425c4ff9951a1d93862c5	24465
T1_ESTIMATION_R02_ACQUISITION	t1-r02-prewarmed-RUN-20260822T143648Z-010-v1	prewarm/rep-3/processed/iperf3-receiver.intervals.staging.jsonl	af9aadbc760d4c51250908f1291d07762c2559ab5e01033c65ac07dbdde2467a	40753
T1_ESTIMATION_R02_ACQUISITION	t1-r02-prewarmed-RUN-20260822T143648Z-010-v1	prewarm/rep-3/raw/iperf3-receiver.stderr.log	e3b0c44298fc1c149afbf4c8996fb92427ae41e4649b934ca495991b7852b855	0
T1_ESTIMATION_R02_ACQUISITION	t1-r02-prewarmed-RUN-20260822T143648Z-010-v1	prewarm/rep-3/raw/iperf3-receiver.stdout.log	1f0be10e440d46e48180ced118a844f58600730cddc567d926b164964f847468	4662
T1_ESTIMATION_R02_ACQUISITION	t1-r02-prewarmed-RUN-20260822T143648Z-010-v1	prewarm/rep-3/raw/iperf3-receiver.timestamps.jsonl	6789b1fe8881a82175845795e92cf4bfab1053639053ec7d18cd52800a100d04	22722
T1_ESTIMATION_R02_ACQUISITION	t1-r02-prewarmed-RUN-20260822T143648Z-010-v1	prewarm/rep-3/selected.jsonl	7dcecf33140e04088b42aaae9e650438955dff903272b0368aded2e36948dfa4	20396
T1_ESTIMATION_R02_ACQUISITION	t1-r02-prewarmed-RUN-20260822T143648Z-010-v1	prewarm/rep-3/stationarity.json	c1cb62ce1f8ce3414957b54fef513f8d57465ab1a016f1ab54c016bf4b56efc2	1242
T1_ESTIMATION_R02_ACQUISITION	t1-r02-prewarmed-RUN-20260822T143648Z-010-v1	raw/iperf3-client.stderr.log	e3b0c44298fc1c149afbf4c8996fb92427ae41e4649b934ca495991b7852b855	0
T1_ESTIMATION_R02_ACQUISITION	t1-r02-prewarmed-RUN-20260822T143648Z-010-v1	raw/iperf3-client.stdout.log	7d68e7d6a6b0ba8c10787742168d6277a52898656d37700517ba6b6cf8bef8f1	18501
T1_ESTIMATION_R02_ACQUISITION	t1-r02-prewarmed-RUN-20260822T143648Z-010-v1	raw/iperf3-receiver.stderr.log	e3b0c44298fc1c149afbf4c8996fb92427ae41e4649b934ca495991b7852b855	0
T1_ESTIMATION_R02_ACQUISITION	t1-r02-prewarmed-RUN-20260822T143648Z-010-v1	raw/iperf3-receiver.stdout.log	9bb009eb4d6804bd31d136e6f3a25d9f03015c468764d676395de0be0a9f8348	26483
T1_ESTIMATION_R02_ACQUISITION	t1-r02-prewarmed-RUN-20260822T143648Z-010-v1	raw/iperf3-receiver.timestamps.jsonl	b1e0cd8d8527d6367a56cad4698b51d61a6459eff2242015fa3b229035357323	127921
T1_ESTIMATION_R03V2_ACQUISITION	t1-r03v2-scientific-RUN-20260822T161918Z-014-v1	NEVER-REPEAT.env	cf074ec35e260c76a4ab3dcb60ceb94980b359abf85adf1266f09e17f1395b7d	254
T1_ESTIMATION_R03V2_ACQUISITION	t1-r03v2-scientific-RUN-20260822T161918Z-014-v1	SCIENTIFIC-ADJUDICATION.env	a461413b555848d921d4795463cd6851ad91a07463d33007a152a690d08d4dcd	1857
T1_ESTIMATION_R03V2_ACQUISITION	t1-r03v2-scientific-RUN-20260822T161918Z-014-v1	SHA256SUMS	26d490f995e57aba2b58070b9bb8f7cacf47ed7ca6cbe02fab0d2265ada4cbfc	9985
T1_ESTIMATION_R03V2_ACQUISITION	t1-r03v2-scientific-RUN-20260822T161918Z-014-v1	bi-sha256-verification.txt	1b3ea5aa0929ec91737bce9b96aaa22b4ebfe834af23acaa01f07ec2506b982b	1356
T1_ESTIMATION_R03V2_ACQUISITION	t1-r03v2-scientific-RUN-20260822T161918Z-014-v1	control/BJ-R1-RECOVERY.env	e01fce0434a4e16f0169d2b983853d4f1fd9dcd319a3d6ac4cd14516a725c960	356
T1_ESTIMATION_R03V2_ACQUISITION	t1-r03v2-scientific-RUN-20260822T161918Z-014-v1	control/TIMING.env	a5d4589f82b35bbe643156c9acef41db92b52c7cf8b727de151d43a9dff78976	298
T1_ESTIMATION_R03V2_ACQUISITION	t1-r03v2-scientific-RUN-20260822T161918Z-014-v1	control/TRIGGER-INTENT.env	0036ac944e32ce245d9482f4798e786d478c44a7dd1481de991cb9dfdc293cec	619
T1_ESTIMATION_R03V2_ACQUISITION	t1-r03v2-scientific-RUN-20260822T161918Z-014-v1	control/TRIGGER-WRITE.env	431ccce3848c4f7c1ec05ac3a647b4fe7c7b4dde1863e16a58f425a26eba3de3	317
T1_ESTIMATION_R03V2_ACQUISITION	t1-r03v2-scientific-RUN-20260822T161918Z-014-v1	control/acquisition-plan.txt	b46f3193fafd4df90938f290da501198587a4382a9c810a4b015b541bf18dbc8	2283
T1_ESTIMATION_R03V2_ACQUISITION	t1-r03v2-scientific-RUN-20260822T161918Z-014-v1	control/capture-wrapper.rc	9a271f2a916b0b6ee6cecb2426f0b3206ef074578be55d9bc94f6f3fe3ab86aa	2
T1_ESTIMATION_R03V2_ACQUISITION	t1-r03v2-scientific-RUN-20260822T161918Z-014-v1	control/capture-wrapper.stderr.log	e3b0c44298fc1c149afbf4c8996fb92427ae41e4649b934ca495991b7852b855	0
T1_ESTIMATION_R03V2_ACQUISITION	t1-r03v2-scientific-RUN-20260822T161918Z-014-v1	control/capture-wrapper.stdout.log	e3b0c44298fc1c149afbf4c8996fb92427ae41e4649b934ca495991b7852b855	0
T1_ESTIMATION_R03V2_ACQUISITION	t1-r03v2-scientific-RUN-20260822T161918Z-014-v1	control/client-wrapper.rc	9a271f2a916b0b6ee6cecb2426f0b3206ef074578be55d9bc94f6f3fe3ab86aa	2
T1_ESTIMATION_R03V2_ACQUISITION	t1-r03v2-scientific-RUN-20260822T161918Z-014-v1	control/client-wrapper.stderr.log	e3b0c44298fc1c149afbf4c8996fb92427ae41e4649b934ca495991b7852b855	0
T1_ESTIMATION_R03V2_ACQUISITION	t1-r03v2-scientific-RUN-20260822T161918Z-014-v1	control/client-wrapper.stdout.log	afccac275a8238d4362247cc8d68ebf81b0f4e4904a87e48d57bfd2cd506644c	23003
T1_ESTIMATION_R03V2_ACQUISITION	t1-r03v2-scientific-RUN-20260822T161918Z-014-v1	control/live-commands.env	82468566d93cdb5e94ac1e8431fb2426f0f47dcb441ab9087392b8278199d192	920
T1_ESTIMATION_R03V2_ACQUISITION	t1-r03v2-scientific-RUN-20260822T161918Z-014-v1	control/receiver-create.stderr.log	e3b0c44298fc1c149afbf4c8996fb92427ae41e4649b934ca495991b7852b855	0
T1_ESTIMATION_R03V2_ACQUISITION	t1-r03v2-scientific-RUN-20260822T161918Z-014-v1	control/receiver-create.stdout.log	496e41757b17e0f7f43670754e0862503f6e45fd1bf9762711c37a49ef615b5b	65
T1_ESTIMATION_R03V2_ACQUISITION	t1-r03v2-scientific-RUN-20260822T161918Z-014-v1	run/live/post-r1-attempt-01/parser.stderr.log	e3b0c44298fc1c149afbf4c8996fb92427ae41e4649b934ca495991b7852b855	0
T1_ESTIMATION_R03V2_ACQUISITION	t1-r03v2-scientific-RUN-20260822T161918Z-014-v1	run/live/post-r1-attempt-01/parser.stdout.log	008032a80a6b74a79d1eacfc0d0a4c328a5bbca56dc8d2ce603d1c0a8b0c5e8a	115
T1_ESTIMATION_R03V2_ACQUISITION	t1-r03v2-scientific-RUN-20260822T161918Z-014-v1	run/live/post-r1-attempt-01/receiver.stdout.snapshot.log	3371cd2b74632e110fa58a743def0ac44b2328be3db21089a9972edd82620c76	13776
T1_ESTIMATION_R03V2_ACQUISITION	t1-r03v2-scientific-RUN-20260822T161918Z-014-v1	run/live/post-r1-attempt-01/receiver.timestamps.snapshot.jsonl	60ab491ed31e84b6c1df853d5ed74fadbe6aeba6fe4f93c36b893e6e415d57a7	66878
T1_ESTIMATION_R03V2_ACQUISITION	t1-r03v2-scientific-RUN-20260822T161918Z-014-v1	run/live/post-r1-attempt-01/staging.jsonl	604f646ee91b0dc49cac3d8cc1719d05e439d7ac72719163fa8de11c83455eeb	115976
T1_ESTIMATION_R03V2_ACQUISITION	t1-r03v2-scientific-RUN-20260822T161918Z-014-v1	run/live/post-r1-attempt-01/stationarity.env	b692a44356f7c342b2b28decbfc5e8486e0e0a9f26391b7f0edd9a2f30343715	304
T1_ESTIMATION_R03V2_ACQUISITION	t1-r03v2-scientific-RUN-20260822T161918Z-014-v1	run/live/pre-r1-attempt-01/parser.stderr.log	e3b0c44298fc1c149afbf4c8996fb92427ae41e4649b934ca495991b7852b855	0
T1_ESTIMATION_R03V2_ACQUISITION	t1-r03v2-scientific-RUN-20260822T161918Z-014-v1	run/live/pre-r1-attempt-01/parser.stdout.log	53e3cdd3a476fc29e09d45a8eabfe45818d76c7f09ff9f61b290dffe15703a8e	113
T1_ESTIMATION_R03V2_ACQUISITION	t1-r03v2-scientific-RUN-20260822T161918Z-014-v1	run/live/pre-r1-attempt-01/receiver.stdout.snapshot.log	d7bb361c81c2c3bd1552785c3207595d61f9b68f57db720e9b4180cdb8c00e1c	4577
T1_ESTIMATION_R03V2_ACQUISITION	t1-r03v2-scientific-RUN-20260822T161918Z-014-v1	run/live/pre-r1-attempt-01/receiver.timestamps.snapshot.jsonl	811ede2f766032b7040a02eebc9b517ad935513f90a307ba7918900fc2d7c389	22893
T1_ESTIMATION_R03V2_ACQUISITION	t1-r03v2-scientific-RUN-20260822T161918Z-014-v1	run/live/pre-r1-attempt-01/staging.jsonl	884b0d097c0fd09b0c911000b9286c5fda47e785192424e4f503ebc6e573a50b	37275
T1_ESTIMATION_R03V2_ACQUISITION	t1-r03v2-scientific-RUN-20260822T161918Z-014-v1	run/live/pre-r1-attempt-01/stationarity.env	d1ae84c120213314739a38dbe98b359ae7fa4a3760ed9c6e680941576d3f9a4f	304
T1_ESTIMATION_R03V2_ACQUISITION	t1-r03v2-scientific-RUN-20260822T161918Z-014-v1	run/processed/iperf3-receiver.intervals.staging.jsonl	b09ed6e9966dd920c2fc40fc1ef169eeaef45d90e683877969b654f428b3834d	274424
T1_ESTIMATION_R03V2_ACQUISITION	t1-r03v2-scientific-RUN-20260822T161918Z-014-v1	run/raw/iperf3-receiver.stderr.log	e3b0c44298fc1c149afbf4c8996fb92427ae41e4649b934ca495991b7852b855	0
T1_ESTIMATION_R03V2_ACQUISITION	t1-r03v2-scientific-RUN-20260822T161918Z-014-v1	run/raw/iperf3-receiver.stdout.log	b9e96a8efa85cca0f5c3f027e94a8954c891916aaaa08d9f2112045763dc26e6	32559
T1_ESTIMATION_R03V2_ACQUISITION	t1-r03v2-scientific-RUN-20260822T161918Z-014-v1	run/raw/iperf3-receiver.timestamps.jsonl	fc6f2b0e55ece536d3b7be3f47ddc74aa035111cefa4c9ccaf274c48d9c5d878	157101
T1_ESTIMATION_R03V2_ACQUISITION	t1-r03v2-scientific-RUN-20260822T161918Z-014-v1	runtime/actuator-final-pretrigger.stderr.log	e3b0c44298fc1c149afbf4c8996fb92427ae41e4649b934ca495991b7852b855	0
T1_ESTIMATION_R03V2_ACQUISITION	t1-r03v2-scientific-RUN-20260822T161918Z-014-v1	runtime/actuator-final-pretrigger.stdout.log	b184b0c468efe6885fb8f238b853d25eea92c0ca93e9219a5b786e222fa58bb8	2240
T1_ESTIMATION_R03V2_ACQUISITION	t1-r03v2-scientific-RUN-20260822T161918Z-014-v1	runtime/actuator-final.stderr.log	e3b0c44298fc1c149afbf4c8996fb92427ae41e4649b934ca495991b7852b855	0
T1_ESTIMATION_R03V2_ACQUISITION	t1-r03v2-scientific-RUN-20260822T161918Z-014-v1	runtime/actuator-final.stdout.log	426a51f2297c493da6d123249e17a611b88fb448f793def25d57e47b6cadd783	2559
T1_ESTIMATION_R03V2_ACQUISITION	t1-r03v2-scientific-RUN-20260822T161918Z-014-v1	runtime/actuator-pre.stderr.log	e3b0c44298fc1c149afbf4c8996fb92427ae41e4649b934ca495991b7852b855	0
T1_ESTIMATION_R03V2_ACQUISITION	t1-r03v2-scientific-RUN-20260822T161918Z-014-v1	runtime/actuator-pre.stdout.log	b184b0c468efe6885fb8f238b853d25eea92c0ca93e9219a5b786e222fa58bb8	2240
T1_ESTIMATION_R03V2_ACQUISITION	t1-r03v2-scientific-RUN-20260822T161918Z-014-v1	runtime/bjr1-actuator-pre.stderr.log	e3b0c44298fc1c149afbf4c8996fb92427ae41e4649b934ca495991b7852b855	0
T1_ESTIMATION_R03V2_ACQUISITION	t1-r03v2-scientific-RUN-20260822T161918Z-014-v1	runtime/bjr1-actuator-pre.stdout.log	b184b0c468efe6885fb8f238b853d25eea92c0ca93e9219a5b786e222fa58bb8	2240
T1_ESTIMATION_R03V2_ACQUISITION	t1-r03v2-scientific-RUN-20260822T161918Z-014-v1	runtime/bjr1-core-after.txt	0bf965971e270b16349dee0e0d8f5b6aea053341a936e12b421063498233cfc0	690
T1_ESTIMATION_R03V2_ACQUISITION	t1-r03v2-scientific-RUN-20260822T161918Z-014-v1	runtime/bjr1-core-before.txt	0bf965971e270b16349dee0e0d8f5b6aea053341a936e12b421063498233cfc0	690
T1_ESTIMATION_R03V2_ACQUISITION	t1-r03v2-scientific-RUN-20260822T161918Z-014-v1	runtime/control-events-tail.log	99585bf92de96fa3829df538652836b28eaf47cbb70882b53e680ba41d6af563	2850
T1_ESTIMATION_R03V2_ACQUISITION	t1-r03v2-scientific-RUN-20260822T161918Z-014-v1	runtime/core-before.txt	0bf965971e270b16349dee0e0d8f5b6aea053341a936e12b421063498233cfc0	690
T1_ESTIMATION_R03V2_ACQUISITION	t1-r03v2-scientific-RUN-20260822T161918Z-014-v1	runtime/receiver-created.inspect.json	9471357681da00cf282d6acb126ca48ed167ce60109d195dcaf6618ee6ee6b0f	6589
T1_ESTIMATION_R03V2_ACQUISITION	t1-r03v2-scientific-RUN-20260822T161918Z-014-v1	science/ESTIMATES.env	97fa8b918a815cb85e1d9f7eddd4081af6f319b45677c7f85295fc58171b1c1f	141
T1_ESTIMATION_R03V2_ACQUISITION	t1-r03v2-scientific-RUN-20260822T161918Z-014-v1	science/TIMING-GATES.env	b680da050bd96cbf7ba2917d72ed9a6ea80ec28bcd588747781a5e6bc9069e06	150
T1_ESTIMATION_R03V2_ACQUISITION	t1-r03v2-scientific-RUN-20260822T161918Z-014-v1	science/final-parser.stderr.log	e3b0c44298fc1c149afbf4c8996fb92427ae41e4649b934ca495991b7852b855	0
T1_ESTIMATION_R03V2_ACQUISITION	t1-r03v2-scientific-RUN-20260822T161918Z-014-v1	science/final-parser.stdout.log	13b10ff6e77b4769aa34864a0450f87f348a4c99ce7742a97c69597491a1bb70	115
T1_ESTIMATION_R03V2_ACQUISITION	t1-r03v2-scientific-RUN-20260822T161918Z-014-v1	science/final-post-stationarity.env	b692a44356f7c342b2b28decbfc5e8486e0e0a9f26391b7f0edd9a2f30343715	304
T1_ESTIMATION_R03V2_ACQUISITION	t1-r03v2-scientific-RUN-20260822T161918Z-014-v1	science/final-pre-stationarity.env	d1ae84c120213314739a38dbe98b359ae7fa4a3760ed9c6e680941576d3f9a4f	304
T1_ESTIMATION_FREEZE	t1-estimation-set-r01-r02-r03v2-freeze-v2	SHA256SUMS	cc6fbed6fd773c299841a40eaef7422789d55239cd0a6b396ac07785202011f1	1260
T1_ESTIMATION_FREEZE	t1-estimation-set-r01-r02-r03v2-freeze-v2	T1-ESTIMATION-SET-FREEZE.env	66233c169e952b059ec3a48755f5b9e094431c113b823bb41af43c9889dea79c	1118
T1_ESTIMATION_FREEZE	t1-estimation-set-r01-r02-r03v2-freeze-v2	estimation/AGGREGATE.env	29b8a82bf734de733c6c50be976c163d5a034f94cbb52b8a39fcb8dcae46a4de	1027
T1_ESTIMATION_FREEZE	t1-estimation-set-r01-r02-r03v2-freeze-v2	estimation/repetitions.tsv	3c836be008898fd8f869042a18ad5aafe339243539dc3c8f858233678420f1dc	328
T1_ESTIMATION_FREEZE	t1-estimation-set-r01-r02-r03v2-freeze-v2	holdout/R04-HOLDOUT-FIREWALL.env	e09592e22a4bfaeadb55b2afdcdecfa1d9582b5ac32532fe9736bf030caf5416	1027
T1_ESTIMATION_FREEZE	t1-estimation-set-r01-r02-r03v2-freeze-v2	provenance/PREDECESSOR.env	91bca10a17fd1476cb560f853e708d474a1bf46c52654665b2e2ce2370fe9e3d	440
T1_ESTIMATION_FREEZE	t1-estimation-set-r01-r02-r03v2-freeze-v2	provenance/metric-source-provenance.tsv	ed67a83c0a6c69bfb88015396cd817c7d97c6689174a657e0e916e1ed0523783	3318
T1_ESTIMATION_FREEZE	t1-estimation-set-r01-r02-r03v2-freeze-v2	provenance/validity-hits.tsv	5d7f20c334877f40ed053c7290b3ab64ea94443099c28f73ce4ccb13f5693a0f	3003
T1_MODEL_SELECTION	t1-model-selection-r01-r02-r03v2-v2	ACTION12.6BL-R1.env	7b0b664a438eb3708bee3e8ddd8e38e5fc5f7b4ae66b44d8146a8002c7a9b2bb	1138
T1_MODEL_SELECTION	t1-model-selection-r01-r02-r03v2-v2	SHA256SUMS	6c522de031a8ad25a6a73dda534ee9f9306ed1d9fe596e9d6f5f6bf6354c6730	3456
T1_MODEL_SELECTION	t1-model-selection-r01-r02-r03v2-v2	holdout/R04-PREDICTION-CONTRACT.env	a1e97aedde9bfda48a71799eb4a89574eecd325bfe5cdceb2601cea83e400a95	1452
T1_MODEL_SELECTION	t1-model-selection-r01-r02-r03v2-v2	inputs/R01/SOURCE.env	ea5bd1467b32e3d5fc5bf3d90ab32399b686519367157267abd6afdc1bd4e449	582
T1_MODEL_SELECTION	t1-model-selection-r01-r02-r03v2-v2	inputs/R01/parser.stderr.log	e3b0c44298fc1c149afbf4c8996fb92427ae41e4649b934ca495991b7852b855	0
T1_MODEL_SELECTION	t1-model-selection-r01-r02-r03v2-v2	inputs/R01/parser.stdout.log	9f3bd58d2703cc1c73928c47625350a971c7b6c95e9dc7316061155dab59e9f0	115
T1_MODEL_SELECTION	t1-model-selection-r01-r02-r03v2-v2	inputs/R01/receiver.staging.jsonl	18092457b09f3e1f2878128f8fde26653abf65f09582fc0505bbdcd14690b24e	222307
T1_MODEL_SELECTION	t1-model-selection-r01-r02-r03v2-v2	inputs/R02/SOURCE.env	4aa870bbc866bba16dc573a180ddac2414dd757ebabc8f309d977f1ace24b5da	565
T1_MODEL_SELECTION	t1-model-selection-r01-r02-r03v2-v2	inputs/R02/parser.stderr.log	e3b0c44298fc1c149afbf4c8996fb92427ae41e4649b934ca495991b7852b855	0
T1_MODEL_SELECTION	t1-model-selection-r01-r02-r03v2-v2	inputs/R02/parser.stdout.log	132ff4ac612dda38c8d048cdda598eebe601c42693953231fa0526b2c7b0e47c	115
T1_MODEL_SELECTION	t1-model-selection-r01-r02-r03v2-v2	inputs/R02/receiver.staging.jsonl	0f3119a119cca49eb70aa20e749c00255c2e3912806a1a23d31c9dfa6af2a36d	222988
T1_MODEL_SELECTION	t1-model-selection-r01-r02-r03v2-v2	inputs/R03V2/SOURCE.env	95a505fd721b7fc06b08083397fdaf0a6c7c3f58d00671141a4afa3a38e861bd	580
T1_MODEL_SELECTION	t1-model-selection-r01-r02-r03v2-v2	inputs/R03V2/parser.stderr.log	e3b0c44298fc1c149afbf4c8996fb92427ae41e4649b934ca495991b7852b855	0
T1_MODEL_SELECTION	t1-model-selection-r01-r02-r03v2-v2	inputs/R03V2/parser.stdout.log	13b10ff6e77b4769aa34864a0450f87f348a4c99ce7742a97c69597491a1bb70	115
T1_MODEL_SELECTION	t1-model-selection-r01-r02-r03v2-v2	inputs/R03V2/receiver.staging.jsonl	b09ed6e9966dd920c2fc40fc1ef169eeaef45d90e683877969b654f428b3834d	274424
T1_MODEL_SELECTION	t1-model-selection-r01-r02-r03v2-v2	inputs/dynamic-inputs.tsv	c982f8619d82dc6159eb0ab1910a4dfab06e29f760fc452306548935d05502e4	1156
T1_MODEL_SELECTION	t1-model-selection-r01-r02-r03v2-v2	models/MODEL-SELECTION.env	5741b10dd9305489326a4e826b898e8f7efe7de1c1b95356e5ce556ab4c13ed9	1405
T1_MODEL_SELECTION	t1-model-selection-r01-r02-r03v2-v2	models/loo-folds.tsv	30247ba14e9f7f02a0b9b23d5beb7df51a077737d35adb7d073b0779d294a372	1417
T1_MODEL_SELECTION	t1-model-selection-r01-r02-r03v2-v2	models/model-comparison.tsv	75c856d431400bc1c387bb28a0eadc6847baeb11cc55139d76c7c6ecad0bf322	425
T1_MODEL_SELECTION	t1-model-selection-r01-r02-r03v2-v2	provenance/PREDECESSOR.env	929788dd25a01702dcbd4e004bd428f7ea9ae30dd16d74f22064a883a43a599d	575
T1_MODEL_SELECTION	t1-model-selection-r01-r02-r03v2-v2	provenance/bk-r1-sha256-verification.txt	c7b86c8b854dada76f9ef037f7df5cc37d0febf7476a748e9eb67eee39c2b130	826
R04_RESET_AND_PREARM	t1-r04-reset26to13-and-prearm-v1	R04-PREARM-HANDOFF.env	f34bb917a60590c6203c0d034198c17eb7cdd5f17ce3b75f78a2955c51a08e81	2182
R04_RESET_AND_PREARM	t1-r04-reset26to13-and-prearm-v1	SHA256SUMS	063b1247999285d0047d1b84cd26b7e82e0264cf62ddd41a26441c0fb4f8902d	4282
R04_RESET_AND_PREARM	t1-r04-reset26to13-and-prearm-v1	model-freeze/MODEL-SELECTION.frozen.env	5741b10dd9305489326a4e826b898e8f7efe7de1c1b95356e5ce556ab4c13ed9	1405
R04_RESET_AND_PREARM	t1-r04-reset26to13-and-prearm-v1	model-freeze/R04-PREDICTION-CONTRACT.frozen.env	a1e97aedde9bfda48a71799eb4a89574eecd325bfe5cdceb2601cea83e400a95	1452
R04_RESET_AND_PREARM	t1-r04-reset26to13-and-prearm-v1	model-freeze/bl-r1-sha256-verification.txt	5e2f2bf4630f9de38e004116155d9d99995ff930e7bc97d619b02beab324ca52	2216
R04_RESET_AND_PREARM	t1-r04-reset26to13-and-prearm-v1	r04-prearm/docker-create.stderr.log	e3b0c44298fc1c149afbf4c8996fb92427ae41e4649b934ca495991b7852b855	0
R04_RESET_AND_PREARM	t1-r04-reset26to13-and-prearm-v1	r04-prearm/docker-create.stdout.log	449715fae9756bee307092fc3017655870e5a63c002bf1ce71d4770bfaa08020	65
R04_RESET_AND_PREARM	t1-r04-reset26to13-and-prearm-v1	r04-prearm/docker-start.stderr.log	e3b0c44298fc1c149afbf4c8996fb92427ae41e4649b934ca495991b7852b855	0
R04_RESET_AND_PREARM	t1-r04-reset26to13-and-prearm-v1	r04-prearm/docker-start.stdout.log	78055c7e97fe70fcaafe289c0cf84446202b3ead933c0e0fedd837dab9095314	46
R04_RESET_AND_PREARM	t1-r04-reset26to13-and-prearm-v1	r04-prearm/pretrigger.stderr.log	e3b0c44298fc1c149afbf4c8996fb92427ae41e4649b934ca495991b7852b855	0
R04_RESET_AND_PREARM	t1-r04-reset26to13-and-prearm-v1	r04-prearm/pretrigger.stdout.log	b78faf62b1cf25682e41fe5f81b2d4a10e282cab38cbab91ed203971029cc0d4	2240
R04_RESET_AND_PREARM	t1-r04-reset26to13-and-prearm-v1	reset/NEVER-REPEAT.env	d2af548c34c4de329693b5fc373f9fa79af6714e9d353b1892d50ef47a1b77f8	254
R04_RESET_AND_PREARM	t1-r04-reset26to13-and-prearm-v1	reset/TIMING.env	ef50140ec80264f29b94113233a7a25d2cf6040da58eacbba91d7638cf3cc6a8	165
R04_RESET_AND_PREARM	t1-r04-reset26to13-and-prearm-v1	reset/TRIGGER-INTENT.env	f432cb1e6a5efa4b5f37f171c332e1b9598d8911e86ffbad5d376ece878fc913	583
R04_RESET_AND_PREARM	t1-r04-reset26to13-and-prearm-v1	reset/TRIGGER-WRITE.env	020b20b1df5157c003640d819d4de4ca6fc9116b33b85792d84b3a95fe917e46	316
R04_RESET_AND_PREARM	t1-r04-reset26to13-and-prearm-v1	reset/docker-create.stderr.log	e3b0c44298fc1c149afbf4c8996fb92427ae41e4649b934ca495991b7852b855	0
R04_RESET_AND_PREARM	t1-r04-reset26to13-and-prearm-v1	reset/docker-create.stdout.log	0b2cf7bdb55fa6208ace4b0b1256a3f5fc192ddf2036f4558275b615740aa3b9	65
R04_RESET_AND_PREARM	t1-r04-reset26to13-and-prearm-v1	reset/docker-start.stderr.log	e3b0c44298fc1c149afbf4c8996fb92427ae41e4649b934ca495991b7852b855	0
R04_RESET_AND_PREARM	t1-r04-reset26to13-and-prearm-v1	reset/docker-start.stdout.log	f2cb4e91d15305e7e1dd8e8b7b89c03c71f11b3dd08b02ed766ec4e4f8854b81	44
R04_RESET_AND_PREARM	t1-r04-reset26to13-and-prearm-v1	reset/final.stderr.log	e3b0c44298fc1c149afbf4c8996fb92427ae41e4649b934ca495991b7852b855	0
R04_RESET_AND_PREARM	t1-r04-reset26to13-and-prearm-v1	reset/final.stdout.log	7b29b8edcfdf41e225e1b4c3e3382b61245cb4dde8f7838ea79c7fe891a251d2	2559
R04_RESET_AND_PREARM	t1-r04-reset26to13-and-prearm-v1	reset/pretrigger.stderr.log	e3b0c44298fc1c149afbf4c8996fb92427ae41e4649b934ca495991b7852b855	0
R04_RESET_AND_PREARM	t1-r04-reset26to13-and-prearm-v1	reset/pretrigger.stdout.log	12ff41b890da6a2885c9f5aa543e4b5b5609f0cffa4634ad0b0d8ef3927eb795	2240
R04_RESET_AND_PREARM	t1-r04-reset26to13-and-prearm-v1	runtime/core-after.txt	0bf965971e270b16349dee0e0d8f5b6aea053341a936e12b421063498233cfc0	690
R04_RESET_AND_PREARM	t1-r04-reset26to13-and-prearm-v1	runtime/core-before.txt	0bf965971e270b16349dee0e0d8f5b6aea053341a936e12b421063498233cfc0	690
R04_RESET_AND_PREARM	t1-r04-reset26to13-and-prearm-v1	runtime/runtime-image.inspect.json	dbcbefad979188347412259de69354f7e76e06ac9131ee06cfb801481a908cd7	3318
R04_HOLDOUT_ACQUISITION	t1-r04-holdout-RUN-20260822T164537Z-015-v1	NEVER-REPEAT.env	9c1f14623b03722609b2f8be6c866495b15b017f55a3b1ac624ceef0ec201a1e	226
R04_HOLDOUT_ACQUISITION	t1-r04-holdout-RUN-20260822T164537Z-015-v1	control/TIMING.env	967e15d8397b7146cddb8127677e09ddf8743a7396555fc9ac8a55949f959a63	297
R04_HOLDOUT_ACQUISITION	t1-r04-holdout-RUN-20260822T164537Z-015-v1	control/TRIGGER-INTENT.env	b5b9519e9aa22a32b94f5b45c3529a54a9eed3670d868110ce7ace6c46032e52	720
R04_HOLDOUT_ACQUISITION	t1-r04-holdout-RUN-20260822T164537Z-015-v1	control/TRIGGER-WRITE.env	e59d7d3abb69640568b39b424d013f6920b312101d00eef229d58c920be22771	316
R04_HOLDOUT_ACQUISITION	t1-r04-holdout-RUN-20260822T164537Z-015-v1	control/acquisition-plan.txt	3b67e1c8f85019d084ddd81fb6e778ab062b65005adf66ec6b6934236ad70a9d	2239
R04_HOLDOUT_ACQUISITION	t1-r04-holdout-RUN-20260822T164537Z-015-v1	control/capture-wrapper.rc	9a271f2a916b0b6ee6cecb2426f0b3206ef074578be55d9bc94f6f3fe3ab86aa	2
R04_HOLDOUT_ACQUISITION	t1-r04-holdout-RUN-20260822T164537Z-015-v1	control/capture-wrapper.stderr.log	e3b0c44298fc1c149afbf4c8996fb92427ae41e4649b934ca495991b7852b855	0
R04_HOLDOUT_ACQUISITION	t1-r04-holdout-RUN-20260822T164537Z-015-v1	control/capture-wrapper.stdout.log	e3b0c44298fc1c149afbf4c8996fb92427ae41e4649b934ca495991b7852b855	0
R04_HOLDOUT_ACQUISITION	t1-r04-holdout-RUN-20260822T164537Z-015-v1	control/client-wrapper.rc	9a271f2a916b0b6ee6cecb2426f0b3206ef074578be55d9bc94f6f3fe3ab86aa	2
R04_HOLDOUT_ACQUISITION	t1-r04-holdout-RUN-20260822T164537Z-015-v1	control/client-wrapper.stderr.log	e3b0c44298fc1c149afbf4c8996fb92427ae41e4649b934ca495991b7852b855	0
R04_HOLDOUT_ACQUISITION	t1-r04-holdout-RUN-20260822T164537Z-015-v1	control/client-wrapper.stdout.log	a7fc230e7f1e2d40c477cd3cc24a62cb4fc2295c8c1726b0331684d61c421b49	23003
R04_HOLDOUT_ACQUISITION	t1-r04-holdout-RUN-20260822T164537Z-015-v1	control/receiver-create.stderr.log	e3b0c44298fc1c149afbf4c8996fb92427ae41e4649b934ca495991b7852b855	0
R04_HOLDOUT_ACQUISITION	t1-r04-holdout-RUN-20260822T164537Z-015-v1	control/receiver-create.stdout.log	0a97a460edb4b3fe73989f861a79cf1ae12a095f08b1bc8657f978234ca1b213	65
R04_HOLDOUT_ACQUISITION	t1-r04-holdout-RUN-20260822T164537Z-015-v1	model-contract/R04-PREDICTION-CONTRACT.frozen.env	a1e97aedde9bfda48a71799eb4a89574eecd325bfe5cdceb2601cea83e400a95	1452
R04_HOLDOUT_ACQUISITION	t1-r04-holdout-RUN-20260822T164537Z-015-v1	model-contract/bl-r1-sha256-verification.txt	5e2f2bf4630f9de38e004116155d9d99995ff930e7bc97d619b02beab324ca52	2216
R04_HOLDOUT_ACQUISITION	t1-r04-holdout-RUN-20260822T164537Z-015-v1	model-contract/bm-sha256-verification.txt	0eddb2b54e4c695481c20b199b881629c81148f8414bba8214c057ecbbc02e06	2732
R04_HOLDOUT_ACQUISITION	t1-r04-holdout-RUN-20260822T164537Z-015-v1	run/live/post-r04-attempt-01/parser.stderr.log	e3b0c44298fc1c149afbf4c8996fb92427ae41e4649b934ca495991b7852b855	0
R04_HOLDOUT_ACQUISITION	t1-r04-holdout-RUN-20260822T164537Z-015-v1	run/live/post-r04-attempt-01/parser.stdout.log	0ce6fb0b037882946395f3216db1006187ce7ad762e7b1642b973df5c4bf314c	115
R04_HOLDOUT_ACQUISITION	t1-r04-holdout-RUN-20260822T164537Z-015-v1	run/live/post-r04-attempt-01/receiver.stdout.log	7242e46bfe6a58140e10c054201054e5087fd9e225a113501b71c3e7842258d3	13299
R04_HOLDOUT_ACQUISITION	t1-r04-holdout-RUN-20260822T164537Z-015-v1	run/live/post-r04-attempt-01/receiver.timestamps.jsonl	19708fb85ca8a24f200a89e84f441b32411b2c4a95a5e01cb041fadafcea5f3f	64577
R04_HOLDOUT_ACQUISITION	t1-r04-holdout-RUN-20260822T164537Z-015-v1	run/live/post-r04-attempt-01/staging.jsonl	1c3b65a31947ca5a8de025b3fa9510d829000f08baf218dd77ac9e63e826d709	111858
R04_HOLDOUT_ACQUISITION	t1-r04-holdout-RUN-20260822T164537Z-015-v1	run/live/post-r04-attempt-01/stationarity.env	7fe6e32d752284aae9d8d403b7d19f0d2fce4ada26a44ba35e90417d4aa52556	304
R04_HOLDOUT_ACQUISITION	t1-r04-holdout-RUN-20260822T164537Z-015-v1	run/live/pre-r04-attempt-01/parser.stderr.log	e3b0c44298fc1c149afbf4c8996fb92427ae41e4649b934ca495991b7852b855	0
R04_HOLDOUT_ACQUISITION	t1-r04-holdout-RUN-20260822T164537Z-015-v1	run/live/pre-r04-attempt-01/parser.stdout.log	0e4d9a03029b795c71f220371a4ff0ffe1c8a779211c389dc5517c6964da4a56	113
R04_HOLDOUT_ACQUISITION	t1-r04-holdout-RUN-20260822T164537Z-015-v1	run/live/pre-r04-attempt-01/receiver.stdout.log	df1771fd2658d619ec6aa2001f2a472b74f03bd2fce357be0aef771ed8db5b35	4899
R04_HOLDOUT_ACQUISITION	t1-r04-holdout-RUN-20260822T164537Z-015-v1	run/live/pre-r04-attempt-01/receiver.timestamps.jsonl	7bb82b33d541ed51893ffef177f52740d7f3714aaf5f630beb8dc7c0014a06c2	24419
R04_HOLDOUT_ACQUISITION	t1-r04-holdout-RUN-20260822T164537Z-015-v1	run/live/pre-r04-attempt-01/staging.jsonl	0b5beddda01db4e50ccba3f4a4545c78fb67ec2f21f40cb35285e51843b11c08	40003
R04_HOLDOUT_ACQUISITION	t1-r04-holdout-RUN-20260822T164537Z-015-v1	run/live/pre-r04-attempt-01/stationarity.env	3387a8f25f0eae5a6ac88f367d967273bbb9963a464965d9fd26b402ed8f3356	304
R04_HOLDOUT_ACQUISITION	t1-r04-holdout-RUN-20260822T164537Z-015-v1	run/processed/iperf3-receiver.intervals.staging.jsonl	bc33350654b261338f282304dea96bc596ebd92fc4b97f04037d412b48c19a4c	274434
R04_HOLDOUT_ACQUISITION	t1-r04-holdout-RUN-20260822T164537Z-015-v1	run/raw/iperf3-receiver.stderr.log	e3b0c44298fc1c149afbf4c8996fb92427ae41e4649b934ca495991b7852b855	0
R04_HOLDOUT_ACQUISITION	t1-r04-holdout-RUN-20260822T164537Z-015-v1	run/raw/iperf3-receiver.stdout.log	84b192881cee7aabc03680721fe037f0ef1179582497b1e568a2bac551005dd3	32485
R04_HOLDOUT_ACQUISITION	t1-r04-holdout-RUN-20260822T164537Z-015-v1	run/raw/iperf3-receiver.timestamps.jsonl	2cf5e3516af7212cd6f4859febfb8c84ad0b115e8c6755a3b877327cd5593679	156723
R04_HOLDOUT_ACQUISITION	t1-r04-holdout-RUN-20260822T164537Z-015-v1	runtime/actuator-final-pre.stderr.log	e3b0c44298fc1c149afbf4c8996fb92427ae41e4649b934ca495991b7852b855	0
R04_HOLDOUT_ACQUISITION	t1-r04-holdout-RUN-20260822T164537Z-015-v1	runtime/actuator-final-pre.stdout.log	b78faf62b1cf25682e41fe5f81b2d4a10e282cab38cbab91ed203971029cc0d4	2240
R04_HOLDOUT_ACQUISITION	t1-r04-holdout-RUN-20260822T164537Z-015-v1	runtime/actuator-final.stderr.log	e3b0c44298fc1c149afbf4c8996fb92427ae41e4649b934ca495991b7852b855	0
R04_HOLDOUT_ACQUISITION	t1-r04-holdout-RUN-20260822T164537Z-015-v1	runtime/actuator-final.stdout.log	d51eb62b61ba6d159a337bca8e1ca7beed58271d55e8b1f7690a59bda0c385c4	2559
R04_HOLDOUT_ACQUISITION	t1-r04-holdout-RUN-20260822T164537Z-015-v1	runtime/actuator-pre.stderr.log	e3b0c44298fc1c149afbf4c8996fb92427ae41e4649b934ca495991b7852b855	0
R04_HOLDOUT_ACQUISITION	t1-r04-holdout-RUN-20260822T164537Z-015-v1	runtime/actuator-pre.stdout.log	b78faf62b1cf25682e41fe5f81b2d4a10e282cab38cbab91ed203971029cc0d4	2240
R04_HOLDOUT_ACQUISITION	t1-r04-holdout-RUN-20260822T164537Z-015-v1	runtime/control-events-tail.log	2d79f8e14e4af6a475b6908d6bdf23e00d3d45ac76d7a93ccd9892a15f38d62c	2850
R04_HOLDOUT_ACQUISITION	t1-r04-holdout-RUN-20260822T164537Z-015-v1	runtime/core-before.txt	0bf965971e270b16349dee0e0d8f5b6aea053341a936e12b421063498233cfc0	690
R04_HOLDOUT_ACQUISITION	t1-r04-holdout-RUN-20260822T164537Z-015-v1	science/R04-DYNAMIC-PREDICTIONS.tsv	96a8d51dcdc5e6f732fdc2995945c41428c9c6a7e9884a0ed79caa9160f92229	1649
R04_HOLDOUT_ACQUISITION	t1-r04-holdout-RUN-20260822T164537Z-015-v1	science/R04-MODEL-VALIDATION.env	e6136e6700f24d20be54ac9d793be0df34750bae9f6271c08c5841cef8c0774a	891
R04_HOLDOUT_ACQUISITION	t1-r04-holdout-RUN-20260822T164537Z-015-v1	science/TIMING-GATES.env	b578d95e8a4c922f1f9f5fd6c58c35475f605e1b13a55aa668fcbc2d80ff5862	150
R04_HOLDOUT_ACQUISITION	t1-r04-holdout-RUN-20260822T164537Z-015-v1	science/final-parser.stderr.log	e3b0c44298fc1c149afbf4c8996fb92427ae41e4649b934ca495991b7852b855	0
R04_HOLDOUT_ACQUISITION	t1-r04-holdout-RUN-20260822T164537Z-015-v1	science/final-parser.stdout.log	71efc0da1b3e81c7b89b34f01eedd9074af52eb70f9d4524b49125232cf7ce3f	115
R04_HOLDOUT_ACQUISITION	t1-r04-holdout-RUN-20260822T164537Z-015-v1	science/final-post-stationarity.env	7fe6e32d752284aae9d8d403b7d19f0d2fce4ada26a44ba35e90417d4aa52556	304
R04_HOLDOUT_ACQUISITION	t1-r04-holdout-RUN-20260822T164537Z-015-v1	science/final-pre-stationarity.env	3387a8f25f0eae5a6ac88f367d967273bbb9963a464965d9fd26b402ed8f3356	304
R04_FINAL_CLOSURE	t1-r04-holdout-RUN-20260822T164537Z-015-closure-v1	R04-FINAL-ADJUDICATION.env	669ff00154ba0b5529ea355afb116e20c73b4aa99a046d1929b3451e14f88c3a	1701
R04_FINAL_CLOSURE	t1-r04-holdout-RUN-20260822T164537Z-015-closure-v1	SHA256SUMS	59c7ffb7d8bcd45d5e0dc2ead97c3dbd80e4b319e1a1c8b7523b8f7286001066	1906
R04_FINAL_CLOSURE	t1-r04-holdout-RUN-20260822T164537Z-015-closure-v1	provenance/bl-sha256-verification.txt	5e2f2bf4630f9de38e004116155d9d99995ff930e7bc97d619b02beab324ca52	2216
R04_FINAL_CLOSURE	t1-r04-holdout-RUN-20260822T164537Z-015-closure-v1	provenance/bm-sha256-verification.txt	0eddb2b54e4c695481c20b199b881629c81148f8414bba8214c057ecbbc02e06	2732
R04_FINAL_CLOSURE	t1-r04-holdout-RUN-20260822T164537Z-015-closure-v1	runtime/core-final.txt	0bf965971e270b16349dee0e0d8f5b6aea053341a936e12b421063498233cfc0	690
R04_FINAL_CLOSURE	t1-r04-holdout-RUN-20260822T164537Z-015-closure-v1	runtime/r04-actuator.stderr.log	e3b0c44298fc1c149afbf4c8996fb92427ae41e4649b934ca495991b7852b855	0
R04_FINAL_CLOSURE	t1-r04-holdout-RUN-20260822T164537Z-015-closure-v1	runtime/r04-actuator.stdout.log	d51eb62b61ba6d159a337bca8e1ca7beed58271d55e8b1f7690a59bda0c385c4	2559
R04_FINAL_CLOSURE	t1-r04-holdout-RUN-20260822T164537Z-015-closure-v1	science/POST-STATIONARITY.env	7fe6e32d752284aae9d8d403b7d19f0d2fce4ada26a44ba35e90417d4aa52556	304
R04_FINAL_CLOSURE	t1-r04-holdout-RUN-20260822T164537Z-015-closure-v1	science/PRE-STATIONARITY.env	3387a8f25f0eae5a6ac88f367d967273bbb9963a464965d9fd26b402ed8f3356	304
R04_FINAL_CLOSURE	t1-r04-holdout-RUN-20260822T164537Z-015-closure-v1	science/R04-MODEL-VALIDATION.original.env	e6136e6700f24d20be54ac9d793be0df34750bae9f6271c08c5841cef8c0774a	891
R04_FINAL_CLOSURE	t1-r04-holdout-RUN-20260822T164537Z-015-closure-v1	science/TIMING-GATES.env	b578d95e8a4c922f1f9f5fd6c58c35475f605e1b13a55aa668fcbc2d80ff5862	150
