logical_identity	evidence_class	current_location_or_reference	provenance_source	retention_or_migration_status	blocking_classification	integrity_status	integrity_reference
r6-d50-first-bounded-real-transfer-v1	CONTROLLER_RETAINED_EVIDENCE	/home/khoshaba/sci-oran/retained-evidence/r6-d50-first-bounded-real-transfer-v1	sci-oran/ansible/lifecycle/docs/r6-d-storage-architecture-closure.md	RETAINED_VERIFIED_C3	NONBLOCKING	VERIFIED_C3_MANIFEST	79bf27b84603a1fdfe6584f014e836e1523b2fe3d03c8e3f8e502769801e71f6
DS-20260822-001-prompt12-t1-13to26:R04_FINAL_CLOSURE	HISTORICAL_EVIDENCE_ROOT	/home/khoshaba/sci-oran-evidence/prompt12/t1-r04-holdout-RUN-20260822T164537Z-015-closure-v1	datasets/records/DS-20260822-001-prompt12-t1-13to26/frozen-evidence-roots-v1.0.0.tsv#R04_FINAL_CLOSURE	REFERENCE_ONLY_NO_BULK_MIGRATION	NONBLOCKING_BACKLOG	SHA256SUMS_VERIFIED	16f44994bf46c93bc7c15685d8dde26713934c0dbf9a38cd7c55ca038040c5c9
DS-20260822-001-prompt12-t1-13to26:R04_HOLDOUT_ACQUISITION	HISTORICAL_EVIDENCE_ROOT	/home/khoshaba/sci-oran-evidence/prompt12/t1-r04-holdout-RUN-20260822T164537Z-015-v1	datasets/records/DS-20260822-001-prompt12-t1-13to26/frozen-evidence-roots-v1.0.0.tsv#R04_HOLDOUT_ACQUISITION	REFERENCE_ONLY_NO_BULK_MIGRATION	NONBLOCKING_BACKLOG	NO_LOCAL_SHA256SUMS__CLOSURE_BYTE_IDENTITY_PASS	d3e347040bd315a9ac03aa0eb03c01448d7ac3c3dd0cedcf4ce922aae128b36a
DS-20260822-001-prompt12-t1-13to26:R04_RESET_AND_PREARM	HISTORICAL_EVIDENCE_ROOT	/home/khoshaba/sci-oran-evidence/prompt12/t1-r04-reset26to13-and-prearm-v1	datasets/records/DS-20260822-001-prompt12-t1-13to26/frozen-evidence-roots-v1.0.0.tsv#R04_RESET_AND_PREARM	REFERENCE_ONLY_NO_BULK_MIGRATION	NONBLOCKING_BACKLOG	SHA256SUMS_VERIFIED	3bee50c6b64e3da36e250f46051f6f3eecacb540dea8ef941f9d40b469fb5f4e
DS-20260822-001-prompt12-t1-13to26:T1_ESTIMATION_FREEZE	HISTORICAL_EVIDENCE_ROOT	/home/khoshaba/sci-oran-evidence/prompt12/t1-estimation-set-r01-r02-r03v2-freeze-v2	datasets/records/DS-20260822-001-prompt12-t1-13to26/frozen-evidence-roots-v1.0.0.tsv#T1_ESTIMATION_FREEZE	REFERENCE_ONLY_NO_BULK_MIGRATION	NONBLOCKING_BACKLOG	SHA256SUMS_VERIFIED	d2ad0afd8f274b59a28a77ef1371c90a3a71c31a3602b7b0a0d270943987cc3b
DS-20260822-001-prompt12-t1-13to26:T1_ESTIMATION_R01_ACQUISITION	HISTORICAL_EVIDENCE_ROOT	/home/khoshaba/sci-oran-evidence/prompt12/t1-r01-prewarmed-recovery-RUN-20260822T142755Z-009-v1	datasets/records/DS-20260822-001-prompt12-t1-13to26/frozen-evidence-roots-v1.0.0.tsv#T1_ESTIMATION_R01_ACQUISITION	REFERENCE_ONLY_NO_BULK_MIGRATION	NONBLOCKING_BACKLOG	SHA256SUMS_VERIFIED	3589e740739bedc2d33a576c82c909f9561da6fed4f64804c020d42ee0cf3211
DS-20260822-001-prompt12-t1-13to26:T1_ESTIMATION_R02_ACQUISITION	HISTORICAL_EVIDENCE_ROOT	/home/khoshaba/sci-oran-evidence/prompt12/t1-r02-prewarmed-RUN-20260822T143648Z-010-v1	datasets/records/DS-20260822-001-prompt12-t1-13to26/frozen-evidence-roots-v1.0.0.tsv#T1_ESTIMATION_R02_ACQUISITION	REFERENCE_ONLY_NO_BULK_MIGRATION	NONBLOCKING_BACKLOG	SHA256SUMS_VERIFIED	0bce62ff521118be57c8b1391df191c8a5b555ffb80329f65e3770ffbeea8aaf
DS-20260822-001-prompt12-t1-13to26:T1_ESTIMATION_R03V2_ACQUISITION	HISTORICAL_EVIDENCE_ROOT	/home/khoshaba/sci-oran-evidence/prompt12/t1-r03v2-scientific-RUN-20260822T161918Z-014-v1	datasets/records/DS-20260822-001-prompt12-t1-13to26/frozen-evidence-roots-v1.0.0.tsv#T1_ESTIMATION_R03V2_ACQUISITION	REFERENCE_ONLY_NO_BULK_MIGRATION	NONBLOCKING_BACKLOG	SHA256SUMS_VERIFIED	6aca6094a5a019549c919e302a7cf3b244220cccc79510ecd488ff4eaa0aaf68
DS-20260822-001-prompt12-t1-13to26:T1_MODEL_SELECTION	HISTORICAL_EVIDENCE_ROOT	/home/khoshaba/sci-oran-evidence/prompt12/t1-model-selection-r01-r02-r03v2-v2	datasets/records/DS-20260822-001-prompt12-t1-13to26/frozen-evidence-roots-v1.0.0.tsv#T1_MODEL_SELECTION	REFERENCE_ONLY_NO_BULK_MIGRATION	NONBLOCKING_BACKLOG	SHA256SUMS_VERIFIED	2d670c6a9a608bb44d62fd4654bf2168f52b70a2b2f25354803b758365629916
DS-20260817-001-r03-prb-actuation	TRACKED_DATASET_RECORD	datasets/records/DS-20260817-001-r03-prb-actuation	datasets/records/DS-20260817-001-r03-prb-actuation/dataset-metadata-v1.0.0.json	TRACKED_REFERENCE	NONBLOCKING	REPOSITORY_CHECKSUM_MANIFEST_PRESENT	datasets/records/DS-20260817-001-r03-prb-actuation/release-checksums-v1.0.0.sha256
DS-20260822-001-prompt12-t1-13to26	TRACKED_DATASET_RECORD	datasets/records/DS-20260822-001-prompt12-t1-13to26	datasets/records/DS-20260822-001-prompt12-t1-13to26/dataset-metadata-v1.0.0.json	TRACKED_REFERENCE	NONBLOCKING	REPOSITORY_CHECKSUM_MANIFEST_PRESENT	datasets/records/DS-20260822-001-prompt12-t1-13to26/release-checksums-v1.0.0.sha256
